date,product,quantity,unit,warehouse
2022-10-01,tiger_shrimp_size_L,1563.31,kg,Main_Warehouse
2022-11-01,tiger_shrimp_size_L,1496.95,kg,Main_Warehouse
2022-12-01,tiger_shrimp_size_L,1073.39,kg,Main_Warehouse
2023-01-01,tiger_shrimp_size_L,1579.67,kg,Main_Warehouse
2023-02-01,tiger_shrimp_size_L,1702.97,kg,Main_Warehouse
2023-03-01,tiger_shrimp_size_L,1661.48,kg,Main_Warehouse
2023-04-01,tiger_shrimp_size_L,1304.92,kg,Main_Warehouse
2023-05-01,tiger_shrimp_size_L,1152.50,kg,Main_Warehouse
2023-06-01,tiger_shrimp_size_L,1241.59,kg,Main_Warehouse
2023-07-01,tiger_shrimp_size_L,1367.38,kg,Main_Warehouse
2023-08-01,tiger_shrimp_size_L,1564.46,kg,Main_Warehouse
2023-09-01,tiger_shrimp_size_L,1662.67,kg,Main_Warehouse
2023-10-01,tiger_shrimp_size_L,1837.19,kg,Main_Warehouse
2023-11-01,tiger_shrimp_size_L,1700.74,kg,Main_Warehouse
2023-12-01,tiger_shrimp_size_L,1511.51,kg,Main_Warehouse
2024-01-01,tiger_shrimp_size_L,1749.56,kg,Main_Warehouse
2024-02-01,tiger_shrimp_size_L,1585.39,kg,Main_Warehouse
2024-03-01,tiger_shrimp_size_L,1459.02,kg,Main_Warehouse
2024-04-01,tiger_shrimp_size_L,1261.09,kg,Main_Warehouse
2024-05-01,tiger_shrimp_size_L,1127.74,kg,Main_Warehouse
2024-06-01,tiger_shrimp_size_L,1565.89,kg,Main_Warehouse
2024-07-01,tiger_shrimp_size_L,1724.13,kg,Main_Warehouse
2024-08-01,tiger_shrimp_size_L,1829.47,kg,Main_Warehouse
2024-09-01,tiger_shrimp_size_L,1978.97,kg,Main_Warehouse
2024-10-01,tiger_shrimp_size_L,1964.14,kg,Main_Warehouse
2024-11-01,tiger_shrimp_size_L,1857.35,kg,Main_Warehouse
2024-12-01,tiger_shrimp_size_L,1446.54,kg,Main_Warehouse
2025-01-01,tiger_shrimp_size_L,1964.49,kg,Main_Warehouse
2025-02-01,tiger_shrimp_size_L,1812.33,kg,Main_Warehouse
2025-03-01,tiger_shrimp_size_L,1554.94,kg,Main_Warehouse
2025-04-01,tiger_shrimp_size_L,1416.41,kg,Main_Warehouse
2025-05-01,tiger_shrimp_size_L,1214.17,kg,Main_Warehouse
2025-06-01,tiger_shrimp_size_L,1537.90,kg,Main_Warehouse
2025-07-01,tiger_shrimp_size_L,1668.98,kg,Main_Warehouse
2025-08-01,tiger_shrimp_size_L,1625.35,kg,Main_Warehouse
2025-09-01,tiger_shrimp_size_L,1896.62,kg,Main_Warehouse
2025-10-01,tiger_shrimp_size_L,1845.26,kg,Main_Warehouse
2025-11-01,tiger_shrimp_size_L,1673.44,kg,Main_Warehouse
2025-12-01,tiger_shrimp_size_L,1453.13,kg,Main_Warehouse
2026-01-01,tiger_shrimp_size_L,1891.00,kg,Main_Warehouse
2026-02-01,tiger_shrimp_size_L,1673.54,kg,Main_Warehouse
2026-03-01,tiger_shrimp_size_L,1558.45,kg,Main_Warehouse
2026-04-01,tiger_shrimp_size_L,1303.87,kg,Main_Warehouse
2026-05-01,tiger_shrimp_size_L,1176.70,kg,Main_Warehouse
2026-06-01,tiger_shrimp_size_L,1327.39,kg,Main_Warehouse
2026-07-01,tiger_shrimp_size_L,1668.69,kg,Main_Warehouse
2026-08-01,tiger_shrimp_size_L,1685.37,kg,Main_Warehouse
2026-09-01,tiger_shrimp_size_L,1876.34,kg,Main_Warehouse
