time,product,boxes_A,boxes_B,total_boxes
2021-01-01,Frozen Shrimp,36,27,63
2021-01-02,Frozen Shrimp,37,24,61
2021-01-03,Frozen Shrimp,36,26,62
2021-01-04,Frozen Shrimp,37,29,66
2021-01-05,Frozen Shrimp,40,27,67
2021-01-06,Frozen Shrimp,38,27,65
2021-01-07,Frozen Shrimp,38,26,64
2021-01-08,Frozen Shrimp,40,27,67
2021-01-09,Frozen Shrimp,40,27,67
2021-01-10,Frozen Shrimp,39,26,65
2021-01-11,Frozen Shrimp,39,27,66
2021-01-12,Frozen Shrimp,38,30,68
2021-01-13,Frozen Shrimp,37,29,66
2021-01-14,Frozen Shrimp,37,30,67
2021-01-15,Frozen Shrimp,34,27,61
2021-01-16,Frozen Shrimp,31,26,57
2021-01-17,Frozen Shrimp,31,27,58
2021-01-18,Frozen Shrimp,31,29,60
2021-01-19,Frozen Shrimp,32,29,61
2021-01-20,Frozen Shrimp,32,28,60
2021-01-21,Frozen Shrimp,30,28,58
2021-01-22,Frozen Shrimp,34,26,60
2021-01-23,Frozen Shrimp,34,27,61
2021-01-24,Frozen Shrimp,34,28,62
2021-01-25,Frozen Shrimp,32,27,59
2021-01-26,Frozen Shrimp,32,27,59
2021-01-27,Frozen Shrimp,33,27,60
2021-01-28,Frozen Shrimp,32,26,58
2021-01-29,Frozen Shrimp,33,26,59
2021-01-30,Frozen Shrimp,33,30,63
2021-01-31,Frozen Shrimp,33,29,62
2021-02-01,Frozen Shrimp,31,32,63
2021-02-02,Frozen Shrimp,34,31,65
2021-02-03,Frozen Shrimp,34,32,66
2021-02-04,Frozen Shrimp,32,31,63
2021-02-05,Frozen Shrimp,34,30,64
2021-02-06,Frozen Shrimp,32,33,65
2021-02-07,Frozen Shrimp,33,35,68
2021-02-08,Frozen Shrimp,30,33,63
2021-02-09,Frozen Shrimp,29,30,59
2021-02-10,Frozen Shrimp,30,31,61
2021-02-11,Frozen Shrimp,32,30,62
2021-02-12,Frozen Shrimp,33,32,65
2021-02-13,Frozen Shrimp,33,28,61
2021-02-14,Frozen Shrimp,33,30,63
2021-02-15,Frozen Shrimp,30,29,59
2021-02-16,Frozen Shrimp,30,30,60
2021-02-17,Frozen Shrimp,30,30,60
2021-02-18,Frozen Shrimp,33,29,62
2021-02-19,Frozen Shrimp,33,29,62
2021-02-20,Frozen Shrimp,31,30,61
2021-02-21,Frozen Shrimp,32,31,63
2021-02-22,Frozen Shrimp,32,32,64
2021-02-23,Frozen Shrimp,31,35,66
2021-02-24,Frozen Shrimp,33,31,64
2021-02-25,Frozen Shrimp,35,34,69
2021-02-26,Frozen Shrimp,36,34,70
2021-02-27,Frozen Shrimp,34,32,66
2021-02-28,Frozen Shrimp,34,29,63
2021-03-01,Frozen Shrimp,37,31,68
2021-03-02,Frozen Shrimp,39,33,72
2021-03-03,Frozen Shrimp,38,33,71
2021-03-04,Frozen Shrimp,37,35,72
2021-03-05,Frozen Shrimp,35,33,68
2021-03-06,Frozen Shrimp,34,33,67
2021-03-07,Frozen Shrimp,36,31,67
2021-03-08,Frozen Shrimp,38,32,70
2021-03-09,Frozen Shrimp,38,33,71
2021-03-10,Frozen Shrimp,39,33,72
2021-03-11,Frozen Shrimp,39,29,68
2021-03-12,Frozen Shrimp,38,30,68
2021-03-13,Frozen Shrimp,38,31,69
2021-03-14,Frozen Shrimp,40,32,72
2021-03-15,Frozen Shrimp,40,34,74
2021-03-16,Frozen Shrimp,42,32,74
2021-03-17,Frozen Shrimp,37,34,71
2021-03-18,Frozen Shrimp,38,35,73
2021-03-19,Frozen Shrimp,38,32,70
2021-03-20,Frozen Shrimp,37,33,70
2021-03-21,Frozen Shrimp,37,32,69
2021-03-22,Frozen Shrimp,34,32,66
2021-03-23,Frozen Shrimp,34,33,67
2021-03-24,Frozen Shrimp,35,32,67
2021-03-25,Frozen Shrimp,38,31,69
2021-03-26,Frozen Shrimp,37,32,69
2021-03-27,Frozen Shrimp,36,30,66
2021-03-28,Frozen Shrimp,35,29,64
2021-03-29,Frozen Shrimp,37,31,68
2021-03-30,Frozen Shrimp,38,29,67
2021-03-31,Frozen Shrimp,37,31,68
2021-04-01,Frozen Shrimp,38,35,73
2021-04-02,Frozen Shrimp,39,33,72
2021-04-03,Frozen Shrimp,40,32,72
2021-04-04,Frozen Shrimp,38,35,73
2021-04-05,Frozen Shrimp,38,34,72
2021-04-06,Frozen Shrimp,37,33,70
2021-04-07,Frozen Shrimp,35,35,70
2021-04-08,Frozen Shrimp,36,36,72
2021-04-09,Frozen Shrimp,37,36,73
2021-04-10,Frozen Shrimp,37,35,72
2021-04-11,Frozen Shrimp,37,37,74
2021-04-12,Frozen Shrimp,35,40,75
2021-04-13,Frozen Shrimp,35,41,76
2021-04-14,Frozen Shrimp,35,40,75
2021-04-15,Frozen Shrimp,34,38,72
2021-04-16,Frozen Shrimp,35,36,71
2021-04-17,Frozen Shrimp,36,37,73
2021-04-18,Frozen Shrimp,39,37,76
2021-04-19,Frozen Shrimp,39,39,78
2021-04-20,Frozen Shrimp,40,40,80
2021-04-21,Frozen Shrimp,39,37,76
2021-04-22,Frozen Shrimp,36,38,74
2021-04-23,Frozen Shrimp,36,36,72
2021-04-24,Frozen Shrimp,37,35,72
2021-04-25,Frozen Shrimp,41,36,77
2021-04-26,Frozen Shrimp,40,39,79
2021-04-27,Frozen Shrimp,40,44,84
2021-04-28,Frozen Shrimp,40,43,83
2021-04-29,Frozen Shrimp,37,41,78
2021-04-30,Frozen Shrimp,39,41,80
2021-05-01,Frozen Shrimp,33,42,75
2021-05-02,Frozen Shrimp,34,41,75
2021-05-03,Frozen Shrimp,32,43,75
2021-05-04,Frozen Shrimp,34,42,76
2021-05-05,Frozen Shrimp,31,42,73
2021-05-06,Frozen Shrimp,32,42,74
2021-05-07,Frozen Shrimp,35,42,77
2021-05-08,Frozen Shrimp,33,42,75
2021-05-09,Frozen Shrimp,32,40,72
2021-05-10,Frozen Shrimp,32,39,71
2021-05-11,Frozen Shrimp,31,36,67
2021-05-12,Frozen Shrimp,28,37,65
2021-05-13,Frozen Shrimp,29,38,67
2021-05-14,Frozen Shrimp,28,39,67
2021-05-15,Frozen Shrimp,29,41,70
2021-05-16,Frozen Shrimp,28,40,68
2021-05-17,Frozen Shrimp,31,41,72
2021-05-18,Frozen Shrimp,30,38,68
2021-05-19,Frozen Shrimp,30,37,67
2021-05-20,Frozen Shrimp,31,38,69
2021-05-21,Frozen Shrimp,29,39,68
2021-05-22,Frozen Shrimp,30,39,69
2021-05-23,Frozen Shrimp,32,38,70
2021-05-24,Frozen Shrimp,29,35,64
2021-05-25,Frozen Shrimp,30,35,65
2021-05-26,Frozen Shrimp,31,37,68
2021-05-27,Frozen Shrimp,32,38,70
2021-05-28,Frozen Shrimp,30,39,69
2021-05-29,Frozen Shrimp,28,38,66
2021-05-30,Frozen Shrimp,29,38,67
2021-05-31,Frozen Shrimp,30,37,67
2021-06-01,Frozen Shrimp,30,36,66
2021-06-02,Frozen Shrimp,30,36,66
2021-06-03,Frozen Shrimp,29,37,66
2021-06-04,Frozen Shrimp,30,36,66
2021-06-05,Frozen Shrimp,30,32,62
2021-06-06,Frozen Shrimp,29,34,63
2021-06-07,Frozen Shrimp,32,34,66
2021-06-08,Frozen Shrimp,33,33,66
2021-06-09,Frozen Shrimp,30,34,64
2021-06-10,Frozen Shrimp,31,34,65
2021-06-11,Frozen Shrimp,29,36,65
2021-06-12,Frozen Shrimp,31,37,68
2021-06-13,Frozen Shrimp,32,37,69
2021-06-14,Frozen Shrimp,31,35,66
2021-06-15,Frozen Shrimp,32,37,69
2021-06-16,Frozen Shrimp,32,37,69
2021-06-17,Frozen Shrimp,33,36,69
2021-06-18,Frozen Shrimp,36,36,72
2021-06-19,Frozen Shrimp,34,33,67
2021-06-20,Frozen Shrimp,32,34,66
2021-06-21,Frozen Shrimp,30,33,63
2021-06-22,Frozen Shrimp,29,31,60
2021-06-23,Frozen Shrimp,29,29,58
2021-06-24,Frozen Shrimp,30,32,62
2021-06-25,Frozen Shrimp,30,32,62
2021-06-26,Frozen Shrimp,31,35,66
2021-06-27,Frozen Shrimp,31,34,65
2021-06-28,Frozen Shrimp,33,31,64
2021-06-29,Frozen Shrimp,32,30,62
2021-06-30,Frozen Shrimp,36,33,69
2021-07-01,Frozen Shrimp,36,35,71
2021-07-02,Frozen Shrimp,33,35,68
2021-07-03,Frozen Shrimp,31,36,67
2021-07-04,Frozen Shrimp,32,37,69
2021-07-05,Frozen Shrimp,31,38,69
2021-07-06,Frozen Shrimp,32,41,73
2021-07-07,Frozen Shrimp,32,39,71
2021-07-08,Frozen Shrimp,32,37,69
2021-07-09,Frozen Shrimp,30,36,66
2021-07-10,Frozen Shrimp,28,37,65
2021-07-11,Frozen Shrimp,27,35,62
2021-07-12,Frozen Shrimp,29,34,63
2021-07-13,Frozen Shrimp,30,35,65
2021-07-14,Frozen Shrimp,28,35,63
2021-07-15,Frozen Shrimp,29,36,65
2021-07-16,Frozen Shrimp,29,35,64
2021-07-17,Frozen Shrimp,28,35,63
2021-07-18,Frozen Shrimp,29,34,63
2021-07-19,Frozen Shrimp,29,36,65
2021-07-20,Frozen Shrimp,27,38,65
2021-07-21,Frozen Shrimp,29,35,64
2021-07-22,Frozen Shrimp,30,34,64
2021-07-23,Frozen Shrimp,32,32,64
2021-07-24,Frozen Shrimp,33,32,65
2021-07-25,Frozen Shrimp,30,33,63
2021-07-26,Frozen Shrimp,29,31,60
2021-07-27,Frozen Shrimp,30,31,61
2021-07-28,Frozen Shrimp,31,31,62
2021-07-29,Frozen Shrimp,31,32,63
2021-07-30,Frozen Shrimp,37,33,70
2021-07-31,Frozen Shrimp,37,33,70
2021-08-01,Frozen Shrimp,41,25,66
2021-08-02,Frozen Shrimp,41,25,66
2021-08-03,Frozen Shrimp,41,25,66
2021-08-04,Frozen Shrimp,39,28,67
2021-08-05,Frozen Shrimp,39,30,69
2021-08-06,Frozen Shrimp,37,28,65
2021-08-07,Frozen Shrimp,36,29,65
2021-08-08,Frozen Shrimp,35,30,65
2021-08-09,Frozen Shrimp,35,28,63
2021-08-10,Frozen Shrimp,38,29,67
2021-08-11,Frozen Shrimp,34,31,65
2021-08-12,Frozen Shrimp,35,29,64
2021-08-13,Frozen Shrimp,33,27,60
2021-08-14,Frozen Shrimp,32,29,61
2021-08-15,Frozen Shrimp,34,29,63
2021-08-16,Frozen Shrimp,34,30,64
2021-08-17,Frozen Shrimp,33,30,63
2021-08-18,Frozen Shrimp,32,30,62
2021-08-19,Frozen Shrimp,33,28,61
2021-08-20,Frozen Shrimp,32,29,61
2021-08-21,Frozen Shrimp,33,31,64
2021-08-22,Frozen Shrimp,33,30,63
2021-08-23,Frozen Shrimp,32,30,62
2021-08-24,Frozen Shrimp,36,27,63
2021-08-25,Frozen Shrimp,37,28,65
2021-08-26,Frozen Shrimp,33,29,62
2021-08-27,Frozen Shrimp,33,29,62
2021-08-28,Frozen Shrimp,32,30,62
2021-08-29,Frozen Shrimp,34,29,63
2021-08-30,Frozen Shrimp,33,30,63
2021-08-31,Frozen Shrimp,33,28,61
2021-09-01,Frozen Shrimp,27,28,55
2021-09-02,Frozen Shrimp,28,28,56
2021-09-03,Frozen Shrimp,26,28,54
2021-09-04,Frozen Shrimp,26,27,53
2021-09-05,Frozen Shrimp,25,27,52
2021-09-06,Frozen Shrimp,25,29,54
2021-09-07,Frozen Shrimp,28,28,56
2021-09-08,Frozen Shrimp,28,25,53
2021-09-09,Frozen Shrimp,26,29,55
2021-09-10,Frozen Shrimp,28,31,59
2021-09-11,Frozen Shrimp,31,28,59
2021-09-12,Frozen Shrimp,32,29,61
2021-09-13,Frozen Shrimp,28,28,56
2021-09-14,Frozen Shrimp,27,29,56
2021-09-15,Frozen Shrimp,29,29,58
2021-09-16,Frozen Shrimp,28,28,56
2021-09-17,Frozen Shrimp,28,27,55
2021-09-18,Frozen Shrimp,29,26,55
2021-09-19,Frozen Shrimp,27,25,52
2021-09-20,Frozen Shrimp,27,24,51
2021-09-21,Frozen Shrimp,22,25,47
2021-09-22,Frozen Shrimp,21,24,45
2021-09-23,Frozen Shrimp,22,26,48
2021-09-24,Frozen Shrimp,21,29,50
2021-09-25,Frozen Shrimp,25,28,53
2021-09-26,Frozen Shrimp,23,28,51
2021-09-27,Frozen Shrimp,23,29,52
2021-09-28,Frozen Shrimp,24,30,54
2021-09-29,Frozen Shrimp,27,29,56
2021-09-30,Frozen Shrimp,25,30,55
2021-10-01,Frozen Shrimp,31,30,61
2021-10-02,Frozen Shrimp,31,27,58
2021-10-03,Frozen Shrimp,29,28,57
2021-10-04,Frozen Shrimp,30,30,60
2021-10-05,Frozen Shrimp,31,28,59
2021-10-06,Frozen Shrimp,30,28,58
2021-10-07,Frozen Shrimp,30,29,59
2021-10-08,Frozen Shrimp,30,28,58
2021-10-09,Frozen Shrimp,30,30,60
2021-10-10,Frozen Shrimp,31,33,64
2021-10-11,Frozen Shrimp,34,30,64
2021-10-12,Frozen Shrimp,31,27,58
2021-10-13,Frozen Shrimp,35,28,63
2021-10-14,Frozen Shrimp,31,29,60
2021-10-15,Frozen Shrimp,31,28,59
2021-10-16,Frozen Shrimp,32,30,62
2021-10-17,Frozen Shrimp,32,27,59
2021-10-18,Frozen Shrimp,31,28,59
2021-10-19,Frozen Shrimp,30,27,57
2021-10-20,Frozen Shrimp,30,30,60
2021-10-21,Frozen Shrimp,29,33,62
2021-10-22,Frozen Shrimp,31,30,61
2021-10-23,Frozen Shrimp,31,29,60
2021-10-24,Frozen Shrimp,30,30,60
2021-10-25,Frozen Shrimp,32,29,61
2021-10-26,Frozen Shrimp,32,28,60
2021-10-27,Frozen Shrimp,33,28,61
2021-10-28,Frozen Shrimp,34,25,59
2021-10-29,Frozen Shrimp,32,25,57
2021-10-30,Frozen Shrimp,31,24,55
2021-10-31,Frozen Shrimp,32,24,56
2021-11-01,Frozen Shrimp,35,23,58
2021-11-02,Frozen Shrimp,34,21,55
2021-11-03,Frozen Shrimp,34,23,57
2021-11-04,Frozen Shrimp,36,22,58
2021-11-05,Frozen Shrimp,35,22,57
2021-11-06,Frozen Shrimp,35,23,58
2021-11-07,Frozen Shrimp,34,24,58
2021-11-08,Frozen Shrimp,34,25,59
2021-11-09,Frozen Shrimp,35,26,61
2021-11-10,Frozen Shrimp,36,25,61
2021-11-11,Frozen Shrimp,37,23,60
2021-11-12,Frozen Shrimp,38,22,60
2021-11-13,Frozen Shrimp,37,21,58
2021-11-14,Frozen Shrimp,37,26,63
2021-11-15,Frozen Shrimp,36,27,63
2021-11-16,Frozen Shrimp,36,24,60
2021-11-17,Frozen Shrimp,35,22,57
2021-11-18,Frozen Shrimp,35,23,58
2021-11-19,Frozen Shrimp,35,24,59
2021-11-20,Frozen Shrimp,34,24,58
2021-11-21,Frozen Shrimp,37,24,61
2021-11-22,Frozen Shrimp,34,23,57
2021-11-23,Frozen Shrimp,32,24,56
2021-11-24,Frozen Shrimp,34,24,58
2021-11-25,Frozen Shrimp,35,20,55
2021-11-26,Frozen Shrimp,36,20,56
2021-11-27,Frozen Shrimp,36,19,55
2021-11-28,Frozen Shrimp,36,20,56
2021-11-29,Frozen Shrimp,34,26,60
2021-11-30,Frozen Shrimp,34,26,60
2021-12-01,Frozen Shrimp,27,32,59
2021-12-02,Frozen Shrimp,29,33,62
2021-12-03,Frozen Shrimp,29,33,62
2021-12-04,Frozen Shrimp,27,33,60
2021-12-05,Frozen Shrimp,27,33,60
2021-12-06,Frozen Shrimp,28,36,64
2021-12-07,Frozen Shrimp,27,33,60
2021-12-08,Frozen Shrimp,26,33,59
2021-12-09,Frozen Shrimp,27,31,58
2021-12-10,Frozen Shrimp,27,32,59
2021-12-11,Frozen Shrimp,27,30,57
2021-12-12,Frozen Shrimp,26,29,55
2021-12-13,Frozen Shrimp,27,29,56
2021-12-14,Frozen Shrimp,25,31,56
2021-12-15,Frozen Shrimp,23,32,55
2021-12-16,Frozen Shrimp,23,30,53
2021-12-17,Frozen Shrimp,24,30,54
2021-12-18,Frozen Shrimp,25,29,54
2021-12-19,Frozen Shrimp,28,27,55
2021-12-20,Frozen Shrimp,29,27,56
2021-12-21,Frozen Shrimp,29,27,56
2021-12-22,Frozen Shrimp,29,32,61
2021-12-23,Frozen Shrimp,27,32,59
2021-12-24,Frozen Shrimp,27,29,56
2021-12-25,Frozen Shrimp,27,29,56
2021-12-26,Frozen Shrimp,28,31,59
2021-12-27,Frozen Shrimp,26,34,60
2021-12-28,Frozen Shrimp,27,30,57
2021-12-29,Frozen Shrimp,30,27,57
2021-12-30,Frozen Shrimp,29,31,60
2021-12-31,Frozen Shrimp,30,31,61
2022-01-01,Frozen Shrimp,36,31,67
2022-01-02,Frozen Shrimp,34,32,66
2022-01-03,Frozen Shrimp,34,27,61
2022-01-04,Frozen Shrimp,34,28,62
2022-01-05,Frozen Shrimp,34,29,63
2022-01-06,Frozen Shrimp,33,31,64
2022-01-07,Frozen Shrimp,33,29,62
2022-01-08,Frozen Shrimp,34,30,64
2022-01-09,Frozen Shrimp,36,29,65
2022-01-10,Frozen Shrimp,37,29,66
2022-01-11,Frozen Shrimp,39,28,67
2022-01-12,Frozen Shrimp,37,28,65
2022-01-13,Frozen Shrimp,38,27,65
2022-01-14,Frozen Shrimp,37,29,66
2022-01-15,Frozen Shrimp,40,31,71
2022-01-16,Frozen Shrimp,37,30,67
2022-01-17,Frozen Shrimp,35,31,66
2022-01-18,Frozen Shrimp,34,28,62
2022-01-19,Frozen Shrimp,30,28,58
2022-01-20,Frozen Shrimp,30,29,59
2022-01-21,Frozen Shrimp,29,33,62
2022-01-22,Frozen Shrimp,30,31,61
2022-01-23,Frozen Shrimp,31,34,65
2022-01-24,Frozen Shrimp,35,35,70
2022-01-25,Frozen Shrimp,36,34,70
2022-01-26,Frozen Shrimp,34,36,70
2022-01-27,Frozen Shrimp,33,36,69
2022-01-28,Frozen Shrimp,34,36,70
2022-01-29,Frozen Shrimp,31,35,66
2022-01-30,Frozen Shrimp,35,36,71
2022-01-31,Frozen Shrimp,36,37,73
2022-02-01,Frozen Shrimp,36,30,66
2022-02-02,Frozen Shrimp,33,28,61
2022-02-03,Frozen Shrimp,35,27,62
2022-02-04,Frozen Shrimp,35,26,61
2022-02-05,Frozen Shrimp,37,26,63
2022-02-06,Frozen Shrimp,33,28,61
2022-02-07,Frozen Shrimp,33,27,60
2022-02-08,Frozen Shrimp,33,27,60
2022-02-09,Frozen Shrimp,33,27,60
2022-02-10,Frozen Shrimp,33,29,62
2022-02-11,Frozen Shrimp,34,25,59
2022-02-12,Frozen Shrimp,32,24,56
2022-02-13,Frozen Shrimp,32,25,57
2022-02-14,Frozen Shrimp,33,27,60
2022-02-15,Frozen Shrimp,34,26,60
2022-02-16,Frozen Shrimp,35,24,59
2022-02-17,Frozen Shrimp,33,25,58
2022-02-18,Frozen Shrimp,31,25,56
2022-02-19,Frozen Shrimp,33,23,56
2022-02-20,Frozen Shrimp,34,23,57
2022-02-21,Frozen Shrimp,33,23,56
2022-02-22,Frozen Shrimp,36,23,59
2022-02-23,Frozen Shrimp,35,20,55
2022-02-24,Frozen Shrimp,37,23,60
2022-02-25,Frozen Shrimp,37,26,63
2022-02-26,Frozen Shrimp,39,27,66
2022-02-27,Frozen Shrimp,41,25,66
2022-02-28,Frozen Shrimp,39,25,64
2022-03-01,Frozen Shrimp,37,32,69
2022-03-02,Frozen Shrimp,37,33,70
2022-03-03,Frozen Shrimp,38,34,72
2022-03-04,Frozen Shrimp,35,33,68
2022-03-05,Frozen Shrimp,35,33,68
2022-03-06,Frozen Shrimp,36,34,70
2022-03-07,Frozen Shrimp,32,36,68
2022-03-08,Frozen Shrimp,30,36,66
2022-03-09,Frozen Shrimp,27,37,64
2022-03-10,Frozen Shrimp,27,36,63
2022-03-11,Frozen Shrimp,29,38,67
2022-03-12,Frozen Shrimp,32,38,70
2022-03-13,Frozen Shrimp,32,35,67
2022-03-14,Frozen Shrimp,34,37,71
2022-03-15,Frozen Shrimp,31,37,68
2022-03-16,Frozen Shrimp,29,36,65
2022-03-17,Frozen Shrimp,29,34,63
2022-03-18,Frozen Shrimp,30,35,65
2022-03-19,Frozen Shrimp,30,35,65
2022-03-20,Frozen Shrimp,27,35,62
2022-03-21,Frozen Shrimp,28,35,63
2022-03-22,Frozen Shrimp,26,37,63
2022-03-23,Frozen Shrimp,28,38,66
2022-03-24,Frozen Shrimp,29,37,66
2022-03-25,Frozen Shrimp,28,38,66
2022-03-26,Frozen Shrimp,28,35,63
2022-03-27,Frozen Shrimp,27,36,63
2022-03-28,Frozen Shrimp,28,38,66
2022-03-29,Frozen Shrimp,30,37,67
2022-03-30,Frozen Shrimp,28,35,63
2022-03-31,Frozen Shrimp,30,33,63
2022-04-01,Frozen Shrimp,30,35,65
2022-04-02,Frozen Shrimp,29,34,63
2022-04-03,Frozen Shrimp,30,34,64
2022-04-04,Frozen Shrimp,28,33,61
2022-04-05,Frozen Shrimp,28,34,62
2022-04-06,Frozen Shrimp,27,36,63
2022-04-07,Frozen Shrimp,31,34,65
2022-04-08,Frozen Shrimp,31,37,68
2022-04-09,Frozen Shrimp,30,38,68
2022-04-10,Frozen Shrimp,31,40,71
2022-04-11,Frozen Shrimp,31,38,69
2022-04-12,Frozen Shrimp,31,39,70
2022-04-13,Frozen Shrimp,32,37,69
2022-04-14,Frozen Shrimp,33,38,71
2022-04-15,Frozen Shrimp,32,38,70
2022-04-16,Frozen Shrimp,31,39,70
2022-04-17,Frozen Shrimp,31,37,68
2022-04-18,Frozen Shrimp,27,35,62
2022-04-19,Frozen Shrimp,26,37,63
2022-04-20,Frozen Shrimp,29,35,64
2022-04-21,Frozen Shrimp,33,36,69
2022-04-22,Frozen Shrimp,32,34,66
2022-04-23,Frozen Shrimp,33,36,69
2022-04-24,Frozen Shrimp,33,34,67
2022-04-25,Frozen Shrimp,38,36,74
2022-04-26,Frozen Shrimp,39,37,76
2022-04-27,Frozen Shrimp,37,36,73
2022-04-28,Frozen Shrimp,34,37,71
2022-04-29,Frozen Shrimp,31,37,68
2022-04-30,Frozen Shrimp,32,37,69
2022-05-01,Frozen Shrimp,32,32,64
2022-05-02,Frozen Shrimp,30,29,59
2022-05-03,Frozen Shrimp,29,31,60
2022-05-04,Frozen Shrimp,28,29,57
2022-05-05,Frozen Shrimp,32,30,62
2022-05-06,Frozen Shrimp,34,30,64
2022-05-07,Frozen Shrimp,33,32,65
2022-05-08,Frozen Shrimp,36,32,68
2022-05-09,Frozen Shrimp,35,32,67
2022-05-10,Frozen Shrimp,33,34,67
2022-05-11,Frozen Shrimp,36,34,70
2022-05-12,Frozen Shrimp,36,35,71
2022-05-13,Frozen Shrimp,34,35,69
2022-05-14,Frozen Shrimp,33,33,66
2022-05-15,Frozen Shrimp,32,34,66
2022-05-16,Frozen Shrimp,30,35,65
2022-05-17,Frozen Shrimp,32,33,65
2022-05-18,Frozen Shrimp,35,33,68
2022-05-19,Frozen Shrimp,33,33,66
2022-05-20,Frozen Shrimp,34,33,67
2022-05-21,Frozen Shrimp,32,34,66
2022-05-22,Frozen Shrimp,32,36,68
2022-05-23,Frozen Shrimp,31,37,68
2022-05-24,Frozen Shrimp,30,35,65
2022-05-25,Frozen Shrimp,31,36,67
2022-05-26,Frozen Shrimp,30,37,67
2022-05-27,Frozen Shrimp,31,37,68
2022-05-28,Frozen Shrimp,31,38,69
2022-05-29,Frozen Shrimp,31,41,72
2022-05-30,Frozen Shrimp,30,41,71
2022-05-31,Frozen Shrimp,30,40,70
2022-06-01,Frozen Shrimp,31,42,73
2022-06-02,Frozen Shrimp,32,41,73
2022-06-03,Frozen Shrimp,30,40,70
2022-06-04,Frozen Shrimp,31,39,70
2022-06-05,Frozen Shrimp,32,41,73
2022-06-06,Frozen Shrimp,29,39,68
2022-06-07,Frozen Shrimp,31,41,72
2022-06-08,Frozen Shrimp,30,40,70
2022-06-09,Frozen Shrimp,31,37,68
2022-06-10,Frozen Shrimp,30,38,68
2022-06-11,Frozen Shrimp,28,34,62
2022-06-12,Frozen Shrimp,26,35,61
2022-06-13,Frozen Shrimp,27,37,64
2022-06-14,Frozen Shrimp,29,36,65
2022-06-15,Frozen Shrimp,28,36,64
2022-06-16,Frozen Shrimp,30,39,69
2022-06-17,Frozen Shrimp,27,38,65
2022-06-18,Frozen Shrimp,28,36,64
2022-06-19,Frozen Shrimp,27,38,65
2022-06-20,Frozen Shrimp,27,41,68
2022-06-21,Frozen Shrimp,28,40,68
2022-06-22,Frozen Shrimp,28,41,69
2022-06-23,Frozen Shrimp,28,42,70
2022-06-24,Frozen Shrimp,30,40,70
2022-06-25,Frozen Shrimp,30,38,68
2022-06-26,Frozen Shrimp,31,40,71
2022-06-27,Frozen Shrimp,30,42,72
2022-06-28,Frozen Shrimp,31,41,72
2022-06-29,Frozen Shrimp,34,39,73
2022-06-30,Frozen Shrimp,29,41,70
2022-07-01,Frozen Shrimp,33,29,62
2022-07-02,Frozen Shrimp,34,27,61
2022-07-03,Frozen Shrimp,34,27,61
2022-07-04,Frozen Shrimp,35,29,64
2022-07-05,Frozen Shrimp,34,30,64
2022-07-06,Frozen Shrimp,35,30,65
2022-07-07,Frozen Shrimp,35,29,64
2022-07-08,Frozen Shrimp,37,29,66
2022-07-09,Frozen Shrimp,37,29,66
2022-07-10,Frozen Shrimp,37,24,61
2022-07-11,Frozen Shrimp,37,24,61
2022-07-12,Frozen Shrimp,36,24,60
2022-07-13,Frozen Shrimp,35,23,58
2022-07-14,Frozen Shrimp,36,24,60
2022-07-15,Frozen Shrimp,35,24,59
2022-07-16,Frozen Shrimp,36,27,63
2022-07-17,Frozen Shrimp,39,29,68
2022-07-18,Frozen Shrimp,40,27,67
2022-07-19,Frozen Shrimp,39,27,66
2022-07-20,Frozen Shrimp,40,26,66
2022-07-21,Frozen Shrimp,39,25,64
2022-07-22,Frozen Shrimp,35,26,61
2022-07-23,Frozen Shrimp,33,24,57
2022-07-24,Frozen Shrimp,31,23,54
2022-07-25,Frozen Shrimp,31,24,55
2022-07-26,Frozen Shrimp,32,25,57
2022-07-27,Frozen Shrimp,36,24,60
2022-07-28,Frozen Shrimp,36,26,62
2022-07-29,Frozen Shrimp,36,24,60
2022-07-30,Frozen Shrimp,37,25,62
2022-07-31,Frozen Shrimp,33,26,59
2022-08-01,Frozen Shrimp,30,25,55
2022-08-02,Frozen Shrimp,32,25,57
2022-08-03,Frozen Shrimp,30,24,54
2022-08-04,Frozen Shrimp,32,24,56
2022-08-05,Frozen Shrimp,32,24,56
2022-08-06,Frozen Shrimp,32,23,55
2022-08-07,Frozen Shrimp,33,23,56
2022-08-08,Frozen Shrimp,36,20,56
2022-08-09,Frozen Shrimp,36,20,56
2022-08-10,Frozen Shrimp,35,21,56
2022-08-11,Frozen Shrimp,34,21,55
2022-08-12,Frozen Shrimp,32,21,53
2022-08-13,Frozen Shrimp,33,22,55
2022-08-14,Frozen Shrimp,32,23,55
2022-08-15,Frozen Shrimp,32,24,56
2022-08-16,Frozen Shrimp,31,23,54
2022-08-17,Frozen Shrimp,32,22,54
2022-08-18,Frozen Shrimp,33,20,53
2022-08-19,Frozen Shrimp,34,20,54
2022-08-20,Frozen Shrimp,33,20,53
2022-08-21,Frozen Shrimp,32,20,52
2022-08-22,Frozen Shrimp,31,19,50
2022-08-23,Frozen Shrimp,30,19,49
2022-08-24,Frozen Shrimp,31,20,51
2022-08-25,Frozen Shrimp,33,22,55
2022-08-26,Frozen Shrimp,31,22,53
2022-08-27,Frozen Shrimp,33,21,54
2022-08-28,Frozen Shrimp,35,20,55
2022-08-29,Frozen Shrimp,35,21,56
2022-08-30,Frozen Shrimp,37,20,57
2022-08-31,Frozen Shrimp,35,22,57
2022-09-01,Frozen Shrimp,34,24,58
2022-09-02,Frozen Shrimp,31,24,55
2022-09-03,Frozen Shrimp,34,25,59
2022-09-04,Frozen Shrimp,35,26,61
2022-09-05,Frozen Shrimp,35,31,66
2022-09-06,Frozen Shrimp,35,31,66
2022-09-07,Frozen Shrimp,33,29,62
2022-09-08,Frozen Shrimp,37,28,65
2022-09-09,Frozen Shrimp,37,25,62
2022-09-10,Frozen Shrimp,36,26,62
2022-09-11,Frozen Shrimp,37,25,62
2022-09-12,Frozen Shrimp,37,27,64
2022-09-13,Frozen Shrimp,37,26,63
2022-09-14,Frozen Shrimp,35,26,61
2022-09-15,Frozen Shrimp,36,26,62
2022-09-16,Frozen Shrimp,38,29,67
2022-09-17,Frozen Shrimp,40,28,68
2022-09-18,Frozen Shrimp,41,31,72
2022-09-19,Frozen Shrimp,39,32,71
2022-09-20,Frozen Shrimp,36,32,68
2022-09-21,Frozen Shrimp,36,32,68
2022-09-22,Frozen Shrimp,35,32,67
2022-09-23,Frozen Shrimp,37,28,65
2022-09-24,Frozen Shrimp,34,27,61
2022-09-25,Frozen Shrimp,36,29,65
2022-09-26,Frozen Shrimp,35,29,64
2022-09-27,Frozen Shrimp,34,26,60
2022-09-28,Frozen Shrimp,33,26,59
2022-09-29,Frozen Shrimp,30,30,60
2022-09-30,Frozen Shrimp,32,31,63
2022-10-01,Frozen Shrimp,32,25,57
2022-10-02,Frozen Shrimp,30,27,57
2022-10-03,Frozen Shrimp,29,25,54
2022-10-04,Frozen Shrimp,29,22,51
2022-10-05,Frozen Shrimp,32,21,53
2022-10-06,Frozen Shrimp,32,24,56
2022-10-07,Frozen Shrimp,30,23,53
2022-10-08,Frozen Shrimp,30,23,53
2022-10-09,Frozen Shrimp,30,22,52
2022-10-10,Frozen Shrimp,26,25,51
2022-10-11,Frozen Shrimp,28,28,56
2022-10-12,Frozen Shrimp,28,30,58
2022-10-13,Frozen Shrimp,30,29,59
2022-10-14,Frozen Shrimp,34,28,62
2022-10-15,Frozen Shrimp,36,24,60
2022-10-16,Frozen Shrimp,35,27,62
2022-10-17,Frozen Shrimp,32,24,56
2022-10-18,Frozen Shrimp,37,24,61
2022-10-19,Frozen Shrimp,36,22,58
2022-10-20,Frozen Shrimp,35,21,56
2022-10-21,Frozen Shrimp,35,20,55
2022-10-22,Frozen Shrimp,35,20,55
2022-10-23,Frozen Shrimp,34,20,54
2022-10-24,Frozen Shrimp,33,19,52
2022-10-25,Frozen Shrimp,32,21,53
2022-10-26,Frozen Shrimp,32,20,52
2022-10-27,Frozen Shrimp,32,21,53
2022-10-28,Frozen Shrimp,31,23,54
2022-10-29,Frozen Shrimp,31,22,53
2022-10-30,Frozen Shrimp,31,21,52
2022-10-31,Frozen Shrimp,34,21,55
2022-11-01,Frozen Shrimp,30,26,56
2022-11-02,Frozen Shrimp,32,26,58
2022-11-03,Frozen Shrimp,34,25,59
2022-11-04,Frozen Shrimp,31,26,57
2022-11-05,Frozen Shrimp,31,24,55
2022-11-06,Frozen Shrimp,30,25,55
2022-11-07,Frozen Shrimp,29,26,55
2022-11-08,Frozen Shrimp,28,25,53
2022-11-09,Frozen Shrimp,27,24,51
2022-11-10,Frozen Shrimp,31,23,54
2022-11-11,Frozen Shrimp,33,24,57
2022-11-12,Frozen Shrimp,35,26,61
2022-11-13,Frozen Shrimp,36,25,61
2022-11-14,Frozen Shrimp,34,26,60
2022-11-15,Frozen Shrimp,33,22,55
2022-11-16,Frozen Shrimp,33,22,55
2022-11-17,Frozen Shrimp,31,22,53
2022-11-18,Frozen Shrimp,33,21,54
2022-11-19,Frozen Shrimp,33,21,54
2022-11-20,Frozen Shrimp,32,20,52
2022-11-21,Frozen Shrimp,33,22,55
2022-11-22,Frozen Shrimp,34,22,56
2022-11-23,Frozen Shrimp,33,19,52
2022-11-24,Frozen Shrimp,35,17,52
2022-11-25,Frozen Shrimp,33,18,51
2022-11-26,Frozen Shrimp,34,20,54
2022-11-27,Frozen Shrimp,35,16,51
2022-11-28,Frozen Shrimp,34,17,51
2022-11-29,Frozen Shrimp,34,18,52
2022-11-30,Frozen Shrimp,32,22,54
2022-12-01,Frozen Shrimp,28,27,55
2022-12-02,Frozen Shrimp,27,28,55
2022-12-03,Frozen Shrimp,26,29,55
2022-12-04,Frozen Shrimp,28,25,53
2022-12-05,Frozen Shrimp,27,28,55
2022-12-06,Frozen Shrimp,25,28,53
2022-12-07,Frozen Shrimp,23,30,53
2022-12-08,Frozen Shrimp,24,36,60
2022-12-09,Frozen Shrimp,23,31,54
2022-12-10,Frozen Shrimp,27,34,61
2022-12-11,Frozen Shrimp,23,33,56
2022-12-12,Frozen Shrimp,27,33,60
2022-12-13,Frozen Shrimp,27,32,59
2022-12-14,Frozen Shrimp,27,31,58
2022-12-15,Frozen Shrimp,26,30,56
2022-12-16,Frozen Shrimp,27,30,57
2022-12-17,Frozen Shrimp,27,28,55
2022-12-18,Frozen Shrimp,29,30,59
2022-12-19,Frozen Shrimp,29,29,58
2022-12-20,Frozen Shrimp,28,27,55
2022-12-21,Frozen Shrimp,28,27,55
2022-12-22,Frozen Shrimp,27,30,57
2022-12-23,Frozen Shrimp,28,29,57
2022-12-24,Frozen Shrimp,25,30,55
2022-12-25,Frozen Shrimp,23,29,52
2022-12-26,Frozen Shrimp,25,30,55
2022-12-27,Frozen Shrimp,26,31,57
2022-12-28,Frozen Shrimp,26,34,60
2022-12-29,Frozen Shrimp,26,33,59
2022-12-30,Frozen Shrimp,27,33,60
2022-12-31,Frozen Shrimp,26,33,59
2023-01-01,Frozen Shrimp,35,30,65
2023-01-02,Frozen Shrimp,36,28,64
2023-01-03,Frozen Shrimp,34,29,63
2023-01-04,Frozen Shrimp,36,28,64
2023-01-05,Frozen Shrimp,33,28,61
2023-01-06,Frozen Shrimp,36,27,63
2023-01-07,Frozen Shrimp,37,28,65
2023-01-08,Frozen Shrimp,37,27,64
2023-01-09,Frozen Shrimp,39,27,66
2023-01-10,Frozen Shrimp,41,29,70
2023-01-11,Frozen Shrimp,42,30,72
2023-01-12,Frozen Shrimp,38,31,69
2023-01-13,Frozen Shrimp,36,29,65
2023-01-14,Frozen Shrimp,35,27,62
2023-01-15,Frozen Shrimp,35,28,63
2023-01-16,Frozen Shrimp,37,29,66
2023-01-17,Frozen Shrimp,35,31,66
2023-01-18,Frozen Shrimp,36,29,65
2023-01-19,Frozen Shrimp,35,28,63
2023-01-20,Frozen Shrimp,34,25,59
2023-01-21,Frozen Shrimp,33,25,58
2023-01-22,Frozen Shrimp,32,26,58
2023-01-23,Frozen Shrimp,31,26,57
2023-01-24,Frozen Shrimp,31,27,58
2023-01-25,Frozen Shrimp,34,26,60
2023-01-26,Frozen Shrimp,33,27,60
2023-01-27,Frozen Shrimp,38,25,63
2023-01-28,Frozen Shrimp,38,25,63
2023-01-29,Frozen Shrimp,38,21,59
2023-01-30,Frozen Shrimp,37,21,58
2023-01-31,Frozen Shrimp,38,20,58
2023-02-01,Frozen Shrimp,36,29,65
2023-02-02,Frozen Shrimp,36,31,67
2023-02-03,Frozen Shrimp,40,32,72
2023-02-04,Frozen Shrimp,39,34,73
2023-02-05,Frozen Shrimp,40,32,72
2023-02-06,Frozen Shrimp,38,35,73
2023-02-07,Frozen Shrimp,38,36,74
2023-02-08,Frozen Shrimp,40,35,75
2023-02-09,Frozen Shrimp,38,36,74
2023-02-10,Frozen Shrimp,41,33,74
2023-02-11,Frozen Shrimp,41,32,73
2023-02-12,Frozen Shrimp,39,31,70
2023-02-13,Frozen Shrimp,40,30,70
2023-02-14,Frozen Shrimp,40,29,69
2023-02-15,Frozen Shrimp,40,31,71
2023-02-16,Frozen Shrimp,37,31,68
2023-02-17,Frozen Shrimp,36,32,68
2023-02-18,Frozen Shrimp,35,31,66
2023-02-19,Frozen Shrimp,35,28,63
2023-02-20,Frozen Shrimp,36,29,65
2023-02-21,Frozen Shrimp,37,27,64
2023-02-22,Frozen Shrimp,34,28,62
2023-02-23,Frozen Shrimp,35,26,61
2023-02-24,Frozen Shrimp,36,31,67
2023-02-25,Frozen Shrimp,37,32,69
2023-02-26,Frozen Shrimp,39,33,72
2023-02-27,Frozen Shrimp,40,34,74
2023-02-28,Frozen Shrimp,40,33,73
2023-03-01,Frozen Shrimp,41,30,71
2023-03-02,Frozen Shrimp,38,30,68
2023-03-03,Frozen Shrimp,38,31,69
2023-03-04,Frozen Shrimp,39,32,71
2023-03-05,Frozen Shrimp,39,33,72
2023-03-06,Frozen Shrimp,37,32,69
2023-03-07,Frozen Shrimp,35,29,64
2023-03-08,Frozen Shrimp,37,28,65
2023-03-09,Frozen Shrimp,37,28,65
2023-03-10,Frozen Shrimp,39,28,67
2023-03-11,Frozen Shrimp,39,26,65
2023-03-12,Frozen Shrimp,39,31,70
2023-03-13,Frozen Shrimp,40,33,73
2023-03-14,Frozen Shrimp,39,33,72
2023-03-15,Frozen Shrimp,39,32,71
2023-03-16,Frozen Shrimp,38,31,69
2023-03-17,Frozen Shrimp,37,29,66
2023-03-18,Frozen Shrimp,37,29,66
2023-03-19,Frozen Shrimp,37,30,67
2023-03-20,Frozen Shrimp,37,28,65
2023-03-21,Frozen Shrimp,39,28,67
2023-03-22,Frozen Shrimp,37,28,65
2023-03-23,Frozen Shrimp,37,25,62
2023-03-24,Frozen Shrimp,37,25,62
2023-03-25,Frozen Shrimp,39,25,64
2023-03-26,Frozen Shrimp,39,29,68
2023-03-27,Frozen Shrimp,41,30,71
2023-03-28,Frozen Shrimp,38,27,65
2023-03-29,Frozen Shrimp,38,29,67
2023-03-30,Frozen Shrimp,40,26,66
2023-03-31,Frozen Shrimp,39,28,67
2023-04-01,Frozen Shrimp,46,29,75
2023-04-02,Frozen Shrimp,44,29,73
2023-04-03,Frozen Shrimp,46,31,77
2023-04-04,Frozen Shrimp,49,29,78
2023-04-05,Frozen Shrimp,48,27,75
2023-04-06,Frozen Shrimp,46,27,73
2023-04-07,Frozen Shrimp,48,29,77
2023-04-08,Frozen Shrimp,49,27,76
2023-04-09,Frozen Shrimp,47,23,70
2023-04-10,Frozen Shrimp,46,24,70
2023-04-11,Frozen Shrimp,45,26,71
2023-04-12,Frozen Shrimp,42,28,70
2023-04-13,Frozen Shrimp,41,28,69
2023-04-14,Frozen Shrimp,40,28,68
2023-04-15,Frozen Shrimp,39,30,69
2023-04-16,Frozen Shrimp,40,27,67
2023-04-17,Frozen Shrimp,41,27,68
2023-04-18,Frozen Shrimp,44,28,72
2023-04-19,Frozen Shrimp,42,29,71
2023-04-20,Frozen Shrimp,44,28,72
2023-04-21,Frozen Shrimp,43,29,72
2023-04-22,Frozen Shrimp,43,25,68
2023-04-23,Frozen Shrimp,44,25,69
2023-04-24,Frozen Shrimp,42,27,69
2023-04-25,Frozen Shrimp,43,26,69
2023-04-26,Frozen Shrimp,43,27,70
2023-04-27,Frozen Shrimp,44,28,72
2023-04-28,Frozen Shrimp,44,28,72
2023-04-29,Frozen Shrimp,48,29,77
2023-04-30,Frozen Shrimp,46,27,73
2023-05-01,Frozen Shrimp,35,33,68
2023-05-02,Frozen Shrimp,34,34,68
2023-05-03,Frozen Shrimp,33,34,67
2023-05-04,Frozen Shrimp,32,34,66
2023-05-05,Frozen Shrimp,35,34,69
2023-05-06,Frozen Shrimp,37,36,73
2023-05-07,Frozen Shrimp,35,32,67
2023-05-08,Frozen Shrimp,34,35,69
2023-05-09,Frozen Shrimp,35,34,69
2023-05-10,Frozen Shrimp,34,35,69
2023-05-11,Frozen Shrimp,35,37,72
2023-05-12,Frozen Shrimp,35,34,69
2023-05-13,Frozen Shrimp,32,33,65
2023-05-14,Frozen Shrimp,35,33,68
2023-05-15,Frozen Shrimp,38,32,70
2023-05-16,Frozen Shrimp,36,36,72
2023-05-17,Frozen Shrimp,35,34,69
2023-05-18,Frozen Shrimp,35,33,68
2023-05-19,Frozen Shrimp,36,34,70
2023-05-20,Frozen Shrimp,36,32,68
2023-05-21,Frozen Shrimp,39,32,71
2023-05-22,Frozen Shrimp,38,33,71
2023-05-23,Frozen Shrimp,36,33,69
2023-05-24,Frozen Shrimp,33,33,66
2023-05-25,Frozen Shrimp,32,33,65
2023-05-26,Frozen Shrimp,32,31,63
2023-05-27,Frozen Shrimp,36,32,68
2023-05-28,Frozen Shrimp,34,36,70
2023-05-29,Frozen Shrimp,35,35,70
2023-05-30,Frozen Shrimp,35,36,71
2023-05-31,Frozen Shrimp,36,37,73
2023-06-01,Frozen Shrimp,38,35,73
2023-06-02,Frozen Shrimp,36,38,74
2023-06-03,Frozen Shrimp,34,38,72
2023-06-04,Frozen Shrimp,36,40,76
2023-06-05,Frozen Shrimp,36,38,74
2023-06-06,Frozen Shrimp,38,41,79
2023-06-07,Frozen Shrimp,38,41,79
2023-06-08,Frozen Shrimp,36,41,77
2023-06-09,Frozen Shrimp,36,40,76
2023-06-10,Frozen Shrimp,37,39,76
2023-06-11,Frozen Shrimp,37,40,77
2023-06-12,Frozen Shrimp,37,40,77
2023-06-13,Frozen Shrimp,38,36,74
2023-06-14,Frozen Shrimp,39,34,73
2023-06-15,Frozen Shrimp,39,34,73
2023-06-16,Frozen Shrimp,39,35,74
2023-06-17,Frozen Shrimp,37,35,72
2023-06-18,Frozen Shrimp,36,37,73
2023-06-19,Frozen Shrimp,38,34,72
2023-06-20,Frozen Shrimp,35,35,70
2023-06-21,Frozen Shrimp,35,32,67
2023-06-22,Frozen Shrimp,34,34,68
2023-06-23,Frozen Shrimp,34,34,68
2023-06-24,Frozen Shrimp,35,35,70
2023-06-25,Frozen Shrimp,35,34,69
2023-06-26,Frozen Shrimp,34,36,70
2023-06-27,Frozen Shrimp,32,38,70
2023-06-28,Frozen Shrimp,33,39,72
2023-06-29,Frozen Shrimp,34,38,72
2023-06-30,Frozen Shrimp,37,38,75
2023-07-01,Frozen Shrimp,34,33,67
2023-07-02,Frozen Shrimp,34,34,68
2023-07-03,Frozen Shrimp,34,36,70
2023-07-04,Frozen Shrimp,36,37,73
2023-07-05,Frozen Shrimp,35,35,70
2023-07-06,Frozen Shrimp,34,35,69
2023-07-07,Frozen Shrimp,35,32,67
2023-07-08,Frozen Shrimp,34,33,67
2023-07-09,Frozen Shrimp,33,34,67
2023-07-10,Frozen Shrimp,33,30,63
2023-07-11,Frozen Shrimp,34,29,63
2023-07-12,Frozen Shrimp,32,29,61
2023-07-13,Frozen Shrimp,32,29,61
2023-07-14,Frozen Shrimp,31,28,59
2023-07-15,Frozen Shrimp,33,29,62
2023-07-16,Frozen Shrimp,30,30,60
2023-07-17,Frozen Shrimp,29,30,59
2023-07-18,Frozen Shrimp,30,29,59
2023-07-19,Frozen Shrimp,33,32,65
2023-07-20,Frozen Shrimp,32,34,66
2023-07-21,Frozen Shrimp,31,33,64
2023-07-22,Frozen Shrimp,34,32,66
2023-07-23,Frozen Shrimp,31,33,64
2023-07-24,Frozen Shrimp,28,32,60
2023-07-25,Frozen Shrimp,29,32,61
2023-07-26,Frozen Shrimp,29,33,62
2023-07-27,Frozen Shrimp,27,30,57
2023-07-28,Frozen Shrimp,29,32,61
2023-07-29,Frozen Shrimp,30,32,62
2023-07-30,Frozen Shrimp,29,32,61
2023-07-31,Frozen Shrimp,28,32,60
2023-08-01,Frozen Shrimp,33,33,66
2023-08-02,Frozen Shrimp,34,30,64
2023-08-03,Frozen Shrimp,34,33,67
2023-08-04,Frozen Shrimp,37,33,70
2023-08-05,Frozen Shrimp,35,34,69
2023-08-06,Frozen Shrimp,32,35,67
2023-08-07,Frozen Shrimp,31,33,64
2023-08-08,Frozen Shrimp,32,34,66
2023-08-09,Frozen Shrimp,33,33,66
2023-08-10,Frozen Shrimp,32,35,67
2023-08-11,Frozen Shrimp,33,31,64
2023-08-12,Frozen Shrimp,31,31,62
2023-08-13,Frozen Shrimp,34,31,65
2023-08-14,Frozen Shrimp,34,32,66
2023-08-15,Frozen Shrimp,36,33,69
2023-08-16,Frozen Shrimp,36,32,68
2023-08-17,Frozen Shrimp,36,31,67
2023-08-18,Frozen Shrimp,37,31,68
2023-08-19,Frozen Shrimp,37,30,67
2023-08-20,Frozen Shrimp,37,32,69
2023-08-21,Frozen Shrimp,39,32,71
2023-08-22,Frozen Shrimp,38,27,65
2023-08-23,Frozen Shrimp,38,28,66
2023-08-24,Frozen Shrimp,37,27,64
2023-08-25,Frozen Shrimp,39,26,65
2023-08-26,Frozen Shrimp,37,25,62
2023-08-27,Frozen Shrimp,39,27,66
2023-08-28,Frozen Shrimp,38,30,68
2023-08-29,Frozen Shrimp,35,31,66
2023-08-30,Frozen Shrimp,35,31,66
2023-08-31,Frozen Shrimp,34,32,66
2023-09-01,Frozen Shrimp,35,23,58
2023-09-02,Frozen Shrimp,34,23,57
2023-09-03,Frozen Shrimp,33,21,54
2023-09-04,Frozen Shrimp,30,19,49
2023-09-05,Frozen Shrimp,30,20,50
2023-09-06,Frozen Shrimp,27,21,48
2023-09-07,Frozen Shrimp,26,22,48
2023-09-08,Frozen Shrimp,29,22,51
2023-09-09,Frozen Shrimp,31,21,52
2023-09-10,Frozen Shrimp,32,23,55
2023-09-11,Frozen Shrimp,31,21,52
2023-09-12,Frozen Shrimp,32,23,55
2023-09-13,Frozen Shrimp,32,22,54
2023-09-14,Frozen Shrimp,31,21,52
2023-09-15,Frozen Shrimp,34,20,54
2023-09-16,Frozen Shrimp,35,20,55
2023-09-17,Frozen Shrimp,35,23,58
2023-09-18,Frozen Shrimp,35,24,59
2023-09-19,Frozen Shrimp,35,26,61
2023-09-20,Frozen Shrimp,31,26,57
2023-09-21,Frozen Shrimp,31,24,55
2023-09-22,Frozen Shrimp,31,24,55
2023-09-23,Frozen Shrimp,30,23,53
2023-09-24,Frozen Shrimp,30,25,55
2023-09-25,Frozen Shrimp,34,23,57
2023-09-26,Frozen Shrimp,35,25,60
2023-09-27,Frozen Shrimp,34,27,61
2023-09-28,Frozen Shrimp,35,29,64
2023-09-29,Frozen Shrimp,37,28,65
2023-09-30,Frozen Shrimp,38,28,66
2023-10-01,Frozen Shrimp,35,29,64
2023-10-02,Frozen Shrimp,33,27,60
2023-10-03,Frozen Shrimp,34,24,58
2023-10-04,Frozen Shrimp,34,21,55
2023-10-05,Frozen Shrimp,35,22,57
2023-10-06,Frozen Shrimp,36,19,55
2023-10-07,Frozen Shrimp,37,20,57
2023-10-08,Frozen Shrimp,35,21,56
2023-10-09,Frozen Shrimp,36,22,58
2023-10-10,Frozen Shrimp,36,23,59
2023-10-11,Frozen Shrimp,38,23,61
2023-10-12,Frozen Shrimp,36,25,61
2023-10-13,Frozen Shrimp,38,23,61
2023-10-14,Frozen Shrimp,37,22,59
2023-10-15,Frozen Shrimp,35,21,56
2023-10-16,Frozen Shrimp,34,23,57
2023-10-17,Frozen Shrimp,33,24,57
2023-10-18,Frozen Shrimp,33,25,58
2023-10-19,Frozen Shrimp,34,26,60
2023-10-20,Frozen Shrimp,33,24,57
2023-10-21,Frozen Shrimp,32,26,58
2023-10-22,Frozen Shrimp,36,28,64
2023-10-23,Frozen Shrimp,38,28,66
2023-10-24,Frozen Shrimp,37,30,67
2023-10-25,Frozen Shrimp,36,26,62
2023-10-26,Frozen Shrimp,36,25,61
2023-10-27,Frozen Shrimp,36,23,59
2023-10-28,Frozen Shrimp,33,24,57
2023-10-29,Frozen Shrimp,33,22,55
2023-10-30,Frozen Shrimp,30,24,54
2023-10-31,Frozen Shrimp,31,26,57
2023-11-01,Frozen Shrimp,28,37,65
2023-11-02,Frozen Shrimp,27,37,64
2023-11-03,Frozen Shrimp,30,35,65
2023-11-04,Frozen Shrimp,28,33,61
2023-11-05,Frozen Shrimp,25,35,60
2023-11-06,Frozen Shrimp,26,36,62
2023-11-07,Frozen Shrimp,28,36,64
2023-11-08,Frozen Shrimp,31,35,66
2023-11-09,Frozen Shrimp,30,31,61
2023-11-10,Frozen Shrimp,31,30,61
2023-11-11,Frozen Shrimp,30,34,64
2023-11-12,Frozen Shrimp,30,32,62
2023-11-13,Frozen Shrimp,31,33,64
2023-11-14,Frozen Shrimp,31,35,66
2023-11-15,Frozen Shrimp,28,32,60
2023-11-16,Frozen Shrimp,30,33,63
2023-11-17,Frozen Shrimp,32,35,67
2023-11-18,Frozen Shrimp,30,35,65
2023-11-19,Frozen Shrimp,30,39,69
2023-11-20,Frozen Shrimp,31,35,66
2023-11-21,Frozen Shrimp,31,37,68
2023-11-22,Frozen Shrimp,29,36,65
2023-11-23,Frozen Shrimp,28,37,65
2023-11-24,Frozen Shrimp,28,37,65
2023-11-25,Frozen Shrimp,30,35,65
2023-11-26,Frozen Shrimp,30,35,65
2023-11-27,Frozen Shrimp,29,32,61
2023-11-28,Frozen Shrimp,30,33,63
2023-11-29,Frozen Shrimp,25,34,59
2023-11-30,Frozen Shrimp,28,35,63
2023-12-01,Frozen Shrimp,28,30,58
2023-12-02,Frozen Shrimp,28,30,58
2023-12-03,Frozen Shrimp,27,29,56
2023-12-04,Frozen Shrimp,26,27,53
2023-12-05,Frozen Shrimp,28,26,54
2023-12-06,Frozen Shrimp,28,28,56
2023-12-07,Frozen Shrimp,29,30,59
2023-12-08,Frozen Shrimp,30,29,59
2023-12-09,Frozen Shrimp,31,29,60
2023-12-10,Frozen Shrimp,31,27,58
2023-12-11,Frozen Shrimp,29,29,58
2023-12-12,Frozen Shrimp,31,30,61
2023-12-13,Frozen Shrimp,30,32,62
2023-12-14,Frozen Shrimp,28,30,58
2023-12-15,Frozen Shrimp,28,29,57
2023-12-16,Frozen Shrimp,31,29,60
2023-12-17,Frozen Shrimp,32,29,61
2023-12-18,Frozen Shrimp,31,29,60
2023-12-19,Frozen Shrimp,31,27,58
2023-12-20,Frozen Shrimp,30,28,58
2023-12-21,Frozen Shrimp,34,29,63
2023-12-22,Frozen Shrimp,34,27,61
2023-12-23,Frozen Shrimp,34,29,63
2023-12-24,Frozen Shrimp,35,31,66
2023-12-25,Frozen Shrimp,35,30,65
2023-12-26,Frozen Shrimp,33,30,63
2023-12-27,Frozen Shrimp,33,30,63
2023-12-28,Frozen Shrimp,32,28,60
2023-12-29,Frozen Shrimp,32,28,60
2023-12-30,Frozen Shrimp,33,24,57
2023-12-31,Frozen Shrimp,33,26,59
2024-01-01,Frozen Shrimp,36,29,65
2024-01-02,Frozen Shrimp,36,32,68
2024-01-03,Frozen Shrimp,36,31,67
2024-01-04,Frozen Shrimp,32,31,63
2024-01-05,Frozen Shrimp,34,30,64
2024-01-06,Frozen Shrimp,34,30,64
2024-01-07,Frozen Shrimp,36,33,69
2024-01-08,Frozen Shrimp,31,29,60
2024-01-09,Frozen Shrimp,35,31,66
2024-01-10,Frozen Shrimp,35,32,67
2024-01-11,Frozen Shrimp,36,30,66
2024-01-12,Frozen Shrimp,34,29,63
2024-01-13,Frozen Shrimp,35,32,67
2024-01-14,Frozen Shrimp,33,31,64
2024-01-15,Frozen Shrimp,32,29,61
2024-01-16,Frozen Shrimp,36,31,67
2024-01-17,Frozen Shrimp,35,32,67
2024-01-18,Frozen Shrimp,35,31,66
2024-01-19,Frozen Shrimp,36,31,67
2024-01-20,Frozen Shrimp,37,30,67
2024-01-21,Frozen Shrimp,36,32,68
2024-01-22,Frozen Shrimp,36,34,70
2024-01-23,Frozen Shrimp,40,34,74
2024-01-24,Frozen Shrimp,39,34,73
2024-01-25,Frozen Shrimp,38,37,75
2024-01-26,Frozen Shrimp,39,36,75
2024-01-27,Frozen Shrimp,40,33,73
2024-01-28,Frozen Shrimp,40,34,74
2024-01-29,Frozen Shrimp,40,37,77
2024-01-30,Frozen Shrimp,37,34,71
2024-01-31,Frozen Shrimp,39,33,72
2024-02-01,Frozen Shrimp,32,35,67
2024-02-02,Frozen Shrimp,32,34,66
2024-02-03,Frozen Shrimp,31,32,63
2024-02-04,Frozen Shrimp,30,34,64
2024-02-05,Frozen Shrimp,31,38,69
2024-02-06,Frozen Shrimp,31,37,68
2024-02-07,Frozen Shrimp,32,35,67
2024-02-08,Frozen Shrimp,34,32,66
2024-02-09,Frozen Shrimp,34,33,67
2024-02-10,Frozen Shrimp,33,34,67
2024-02-11,Frozen Shrimp,34,35,69
2024-02-12,Frozen Shrimp,35,35,70
2024-02-13,Frozen Shrimp,32,33,65
2024-02-14,Frozen Shrimp,32,31,63
2024-02-15,Frozen Shrimp,33,33,66
2024-02-16,Frozen Shrimp,32,35,67
2024-02-17,Frozen Shrimp,34,32,66
2024-02-18,Frozen Shrimp,33,35,68
2024-02-19,Frozen Shrimp,32,35,67
2024-02-20,Frozen Shrimp,32,37,69
2024-02-21,Frozen Shrimp,31,34,65
2024-02-22,Frozen Shrimp,29,32,61
2024-02-23,Frozen Shrimp,27,32,59
2024-02-24,Frozen Shrimp,30,33,63
2024-02-25,Frozen Shrimp,29,36,65
2024-02-26,Frozen Shrimp,28,36,64
2024-02-27,Frozen Shrimp,25,35,60
2024-02-28,Frozen Shrimp,25,33,58
2024-02-29,Frozen Shrimp,24,35,59
2024-03-01,Frozen Shrimp,29,36,65
2024-03-02,Frozen Shrimp,32,39,71
2024-03-03,Frozen Shrimp,31,38,69
2024-03-04,Frozen Shrimp,34,40,74
2024-03-05,Frozen Shrimp,36,40,76
2024-03-06,Frozen Shrimp,34,39,73
2024-03-07,Frozen Shrimp,30,38,68
2024-03-08,Frozen Shrimp,34,37,71
2024-03-09,Frozen Shrimp,31,37,68
2024-03-10,Frozen Shrimp,29,37,66
2024-03-11,Frozen Shrimp,31,36,67
2024-03-12,Frozen Shrimp,35,36,71
2024-03-13,Frozen Shrimp,37,36,73
2024-03-14,Frozen Shrimp,37,33,70
2024-03-15,Frozen Shrimp,37,34,71
2024-03-16,Frozen Shrimp,37,33,70
2024-03-17,Frozen Shrimp,37,32,69
2024-03-18,Frozen Shrimp,37,30,67
2024-03-19,Frozen Shrimp,36,28,64
2024-03-20,Frozen Shrimp,35,28,63
2024-03-21,Frozen Shrimp,33,28,61
2024-03-22,Frozen Shrimp,33,33,66
2024-03-23,Frozen Shrimp,30,33,63
2024-03-24,Frozen Shrimp,30,34,64
2024-03-25,Frozen Shrimp,29,35,64
2024-03-26,Frozen Shrimp,28,35,63
2024-03-27,Frozen Shrimp,29,35,64
2024-03-28,Frozen Shrimp,32,33,65
2024-03-29,Frozen Shrimp,33,36,69
2024-03-30,Frozen Shrimp,30,39,69
2024-03-31,Frozen Shrimp,29,36,65
2024-04-01,Frozen Shrimp,36,34,70
2024-04-02,Frozen Shrimp,35,34,69
2024-04-03,Frozen Shrimp,35,33,68
2024-04-04,Frozen Shrimp,36,34,70
2024-04-05,Frozen Shrimp,35,34,69
2024-04-06,Frozen Shrimp,35,37,72
2024-04-07,Frozen Shrimp,34,39,73
2024-04-08,Frozen Shrimp,33,39,72
2024-04-09,Frozen Shrimp,35,40,75
2024-04-10,Frozen Shrimp,33,41,74
2024-04-11,Frozen Shrimp,34,39,73
2024-04-12,Frozen Shrimp,35,37,72
2024-04-13,Frozen Shrimp,36,37,73
2024-04-14,Frozen Shrimp,37,38,75
2024-04-15,Frozen Shrimp,39,38,77
2024-04-16,Frozen Shrimp,39,35,74
2024-04-17,Frozen Shrimp,38,34,72
2024-04-18,Frozen Shrimp,38,34,72
2024-04-19,Frozen Shrimp,38,34,72
2024-04-20,Frozen Shrimp,38,38,76
2024-04-21,Frozen Shrimp,38,35,73
2024-04-22,Frozen Shrimp,37,36,73
2024-04-23,Frozen Shrimp,36,39,75
2024-04-24,Frozen Shrimp,34,42,76
2024-04-25,Frozen Shrimp,37,40,77
2024-04-26,Frozen Shrimp,35,40,75
2024-04-27,Frozen Shrimp,34,40,74
2024-04-28,Frozen Shrimp,34,40,74
2024-04-29,Frozen Shrimp,36,39,75
2024-04-30,Frozen Shrimp,36,39,75
2024-05-01,Frozen Shrimp,45,28,73
2024-05-02,Frozen Shrimp,44,30,74
2024-05-03,Frozen Shrimp,44,30,74
2024-05-04,Frozen Shrimp,43,30,73
2024-05-05,Frozen Shrimp,46,33,79
2024-05-06,Frozen Shrimp,44,31,75
2024-05-07,Frozen Shrimp,45,30,75
2024-05-08,Frozen Shrimp,45,33,78
2024-05-09,Frozen Shrimp,46,31,77
2024-05-10,Frozen Shrimp,45,30,75
2024-05-11,Frozen Shrimp,45,30,75
2024-05-12,Frozen Shrimp,45,31,76
2024-05-13,Frozen Shrimp,44,31,75
2024-05-14,Frozen Shrimp,46,29,75
2024-05-15,Frozen Shrimp,49,28,77
2024-05-16,Frozen Shrimp,47,28,75
2024-05-17,Frozen Shrimp,44,28,72
2024-05-18,Frozen Shrimp,44,29,73
2024-05-19,Frozen Shrimp,48,30,78
2024-05-20,Frozen Shrimp,46,27,73
2024-05-21,Frozen Shrimp,48,29,77
2024-05-22,Frozen Shrimp,50,30,80
2024-05-23,Frozen Shrimp,48,32,80
2024-05-24,Frozen Shrimp,48,32,80
2024-05-25,Frozen Shrimp,50,34,84
2024-05-26,Frozen Shrimp,48,34,82
2024-05-27,Frozen Shrimp,47,35,82
2024-05-28,Frozen Shrimp,45,35,80
2024-05-29,Frozen Shrimp,44,34,78
2024-05-30,Frozen Shrimp,43,37,80
2024-05-31,Frozen Shrimp,41,37,78
2024-06-01,Frozen Shrimp,33,41,74
2024-06-02,Frozen Shrimp,32,38,70
2024-06-03,Frozen Shrimp,33,35,68
2024-06-04,Frozen Shrimp,31,36,67
2024-06-05,Frozen Shrimp,32,36,68
2024-06-06,Frozen Shrimp,34,35,69
2024-06-07,Frozen Shrimp,31,35,66
2024-06-08,Frozen Shrimp,32,38,70
2024-06-09,Frozen Shrimp,35,38,73
2024-06-10,Frozen Shrimp,33,36,69
2024-06-11,Frozen Shrimp,36,35,71
2024-06-12,Frozen Shrimp,37,34,71
2024-06-13,Frozen Shrimp,35,34,69
2024-06-14,Frozen Shrimp,35,33,68
2024-06-15,Frozen Shrimp,36,33,69
2024-06-16,Frozen Shrimp,36,31,67
2024-06-17,Frozen Shrimp,37,32,69
2024-06-18,Frozen Shrimp,35,32,67
2024-06-19,Frozen Shrimp,35,28,63
2024-06-20,Frozen Shrimp,33,32,65
2024-06-21,Frozen Shrimp,33,35,68
2024-06-22,Frozen Shrimp,32,34,66
2024-06-23,Frozen Shrimp,31,34,65
2024-06-24,Frozen Shrimp,34,33,67
2024-06-25,Frozen Shrimp,36,36,72
2024-06-26,Frozen Shrimp,37,39,76
2024-06-27,Frozen Shrimp,35,38,73
2024-06-28,Frozen Shrimp,34,39,73
2024-06-29,Frozen Shrimp,36,39,75
2024-06-30,Frozen Shrimp,36,36,72
2024-07-01,Frozen Shrimp,40,31,71
2024-07-02,Frozen Shrimp,39,31,70
2024-07-03,Frozen Shrimp,39,30,69
2024-07-04,Frozen Shrimp,38,30,68
2024-07-05,Frozen Shrimp,37,30,67
2024-07-06,Frozen Shrimp,37,30,67
2024-07-07,Frozen Shrimp,37,30,67
2024-07-08,Frozen Shrimp,38,29,67
2024-07-09,Frozen Shrimp,37,28,65
2024-07-10,Frozen Shrimp,34,27,61
2024-07-11,Frozen Shrimp,31,29,60
2024-07-12,Frozen Shrimp,33,26,59
2024-07-13,Frozen Shrimp,32,29,61
2024-07-14,Frozen Shrimp,29,32,61
2024-07-15,Frozen Shrimp,31,31,62
2024-07-16,Frozen Shrimp,36,27,63
2024-07-17,Frozen Shrimp,35,27,62
2024-07-18,Frozen Shrimp,37,28,65
2024-07-19,Frozen Shrimp,36,27,63
2024-07-20,Frozen Shrimp,36,27,63
2024-07-21,Frozen Shrimp,37,30,67
2024-07-22,Frozen Shrimp,36,31,67
2024-07-23,Frozen Shrimp,37,30,67
2024-07-24,Frozen Shrimp,37,27,64
2024-07-25,Frozen Shrimp,35,28,63
2024-07-26,Frozen Shrimp,37,28,65
2024-07-27,Frozen Shrimp,36,29,65
2024-07-28,Frozen Shrimp,35,29,64
2024-07-29,Frozen Shrimp,36,30,66
2024-07-30,Frozen Shrimp,34,33,67
2024-07-31,Frozen Shrimp,34,34,68
2024-08-01,Frozen Shrimp,33,30,63
2024-08-02,Frozen Shrimp,35,30,65
2024-08-03,Frozen Shrimp,36,29,65
2024-08-04,Frozen Shrimp,35,31,66
2024-08-05,Frozen Shrimp,36,29,65
2024-08-06,Frozen Shrimp,38,29,67
2024-08-07,Frozen Shrimp,38,29,67
2024-08-08,Frozen Shrimp,37,28,65
2024-08-09,Frozen Shrimp,35,26,61
2024-08-10,Frozen Shrimp,33,27,60
2024-08-11,Frozen Shrimp,33,27,60
2024-08-12,Frozen Shrimp,32,28,60
2024-08-13,Frozen Shrimp,32,27,59
2024-08-14,Frozen Shrimp,32,29,61
2024-08-15,Frozen Shrimp,34,28,62
2024-08-16,Frozen Shrimp,34,30,64
2024-08-17,Frozen Shrimp,34,27,61
2024-08-18,Frozen Shrimp,34,28,62
2024-08-19,Frozen Shrimp,31,29,60
2024-08-20,Frozen Shrimp,30,27,57
2024-08-21,Frozen Shrimp,31,28,59
2024-08-22,Frozen Shrimp,29,30,59
2024-08-23,Frozen Shrimp,31,26,57
2024-08-24,Frozen Shrimp,34,27,61
2024-08-25,Frozen Shrimp,36,23,59
2024-08-26,Frozen Shrimp,35,23,58
2024-08-27,Frozen Shrimp,38,26,64
2024-08-28,Frozen Shrimp,37,26,63
2024-08-29,Frozen Shrimp,36,24,60
2024-08-30,Frozen Shrimp,35,25,60
2024-08-31,Frozen Shrimp,34,29,63
2024-09-01,Frozen Shrimp,27,26,53
2024-09-02,Frozen Shrimp,28,24,52
2024-09-03,Frozen Shrimp,28,28,56
2024-09-04,Frozen Shrimp,28,31,59
2024-09-05,Frozen Shrimp,29,30,59
2024-09-06,Frozen Shrimp,30,28,58
2024-09-07,Frozen Shrimp,32,31,63
2024-09-08,Frozen Shrimp,28,33,61
2024-09-09,Frozen Shrimp,24,33,57
2024-09-10,Frozen Shrimp,27,31,58
2024-09-11,Frozen Shrimp,25,30,55
2024-09-12,Frozen Shrimp,25,29,54
2024-09-13,Frozen Shrimp,24,30,54
2024-09-14,Frozen Shrimp,22,32,54
2024-09-15,Frozen Shrimp,24,32,56
2024-09-16,Frozen Shrimp,26,30,56
2024-09-17,Frozen Shrimp,25,32,57
2024-09-18,Frozen Shrimp,22,31,53
2024-09-19,Frozen Shrimp,22,32,54
2024-09-20,Frozen Shrimp,24,33,57
2024-09-21,Frozen Shrimp,22,31,53
2024-09-22,Frozen Shrimp,24,30,54
2024-09-23,Frozen Shrimp,25,29,54
2024-09-24,Frozen Shrimp,26,26,52
2024-09-25,Frozen Shrimp,27,27,54
2024-09-26,Frozen Shrimp,25,31,56
2024-09-27,Frozen Shrimp,28,28,56
2024-09-28,Frozen Shrimp,28,28,56
2024-09-29,Frozen Shrimp,28,29,57
2024-09-30,Frozen Shrimp,26,29,55
2024-10-01,Frozen Shrimp,32,23,55
2024-10-02,Frozen Shrimp,31,21,52
2024-10-03,Frozen Shrimp,31,22,53
2024-10-04,Frozen Shrimp,35,21,56
2024-10-05,Frozen Shrimp,32,18,50
2024-10-06,Frozen Shrimp,30,21,51
2024-10-07,Frozen Shrimp,33,23,56
2024-10-08,Frozen Shrimp,33,23,56
2024-10-09,Frozen Shrimp,32,23,55
2024-10-10,Frozen Shrimp,34,25,59
2024-10-11,Frozen Shrimp,33,25,58
2024-10-12,Frozen Shrimp,36,26,62
2024-10-13,Frozen Shrimp,37,25,62
2024-10-14,Frozen Shrimp,36,27,63
2024-10-15,Frozen Shrimp,39,26,65
2024-10-16,Frozen Shrimp,37,26,63
2024-10-17,Frozen Shrimp,37,23,60
2024-10-18,Frozen Shrimp,37,24,61
2024-10-19,Frozen Shrimp,39,22,61
2024-10-20,Frozen Shrimp,40,21,61
2024-10-21,Frozen Shrimp,39,20,59
2024-10-22,Frozen Shrimp,37,19,56
2024-10-23,Frozen Shrimp,37,23,60
2024-10-24,Frozen Shrimp,35,25,60
2024-10-25,Frozen Shrimp,38,28,66
2024-10-26,Frozen Shrimp,38,25,63
2024-10-27,Frozen Shrimp,36,25,61
2024-10-28,Frozen Shrimp,36,22,58
2024-10-29,Frozen Shrimp,34,21,55
2024-10-30,Frozen Shrimp,32,20,52
2024-10-31,Frozen Shrimp,34,23,57
2024-11-01,Frozen Shrimp,34,23,57
2024-11-02,Frozen Shrimp,33,25,58
2024-11-03,Frozen Shrimp,34,26,60
2024-11-04,Frozen Shrimp,36,29,65
2024-11-05,Frozen Shrimp,37,26,63
2024-11-06,Frozen Shrimp,38,27,65
2024-11-07,Frozen Shrimp,36,29,65
2024-11-08,Frozen Shrimp,34,26,60
2024-11-09,Frozen Shrimp,36,27,63
2024-11-10,Frozen Shrimp,36,27,63
2024-11-11,Frozen Shrimp,35,26,61
2024-11-12,Frozen Shrimp,37,24,61
2024-11-13,Frozen Shrimp,38,23,61
2024-11-14,Frozen Shrimp,38,27,65
2024-11-15,Frozen Shrimp,41,26,67
2024-11-16,Frozen Shrimp,39,27,66
2024-11-17,Frozen Shrimp,39,25,64
2024-11-18,Frozen Shrimp,39,24,63
2024-11-19,Frozen Shrimp,38,25,63
2024-11-20,Frozen Shrimp,40,23,63
2024-11-21,Frozen Shrimp,40,23,63
2024-11-22,Frozen Shrimp,40,23,63
2024-11-23,Frozen Shrimp,41,23,64
2024-11-24,Frozen Shrimp,39,23,62
2024-11-25,Frozen Shrimp,37,24,61
2024-11-26,Frozen Shrimp,35,25,60
2024-11-27,Frozen Shrimp,32,26,58
2024-11-28,Frozen Shrimp,36,24,60
2024-11-29,Frozen Shrimp,34,24,58
2024-11-30,Frozen Shrimp,34,26,60
2024-12-01,Frozen Shrimp,30,37,67
2024-12-02,Frozen Shrimp,31,34,65
2024-12-03,Frozen Shrimp,33,35,68
2024-12-04,Frozen Shrimp,34,31,65
2024-12-05,Frozen Shrimp,33,32,65
2024-12-06,Frozen Shrimp,32,35,67
2024-12-07,Frozen Shrimp,33,34,67
2024-12-08,Frozen Shrimp,32,32,64
2024-12-09,Frozen Shrimp,35,34,69
2024-12-10,Frozen Shrimp,35,31,66
2024-12-11,Frozen Shrimp,36,31,67
2024-12-12,Frozen Shrimp,36,32,68
2024-12-13,Frozen Shrimp,37,32,69
2024-12-14,Frozen Shrimp,36,32,68
2024-12-15,Frozen Shrimp,33,33,66
2024-12-16,Frozen Shrimp,34,34,68
2024-12-17,Frozen Shrimp,32,35,67
2024-12-18,Frozen Shrimp,31,34,65
2024-12-19,Frozen Shrimp,32,35,67
2024-12-20,Frozen Shrimp,34,34,68
2024-12-21,Frozen Shrimp,34,35,69
2024-12-22,Frozen Shrimp,34,34,68
2024-12-23,Frozen Shrimp,36,34,70
2024-12-24,Frozen Shrimp,36,32,68
2024-12-25,Frozen Shrimp,39,32,71
2024-12-26,Frozen Shrimp,39,31,70
2024-12-27,Frozen Shrimp,35,30,65
2024-12-28,Frozen Shrimp,35,31,66
2024-12-29,Frozen Shrimp,35,32,67
2024-12-30,Frozen Shrimp,37,34,71
2024-12-31,Frozen Shrimp,37,33,70
2025-01-01,Frozen Shrimp,40,32,72
2025-01-02,Frozen Shrimp,37,33,70
2025-01-03,Frozen Shrimp,36,33,69
2025-01-04,Frozen Shrimp,35,32,67
2025-01-05,Frozen Shrimp,34,32,66
2025-01-06,Frozen Shrimp,36,33,69
2025-01-07,Frozen Shrimp,38,33,71
2025-01-08,Frozen Shrimp,38,29,67
2025-01-09,Frozen Shrimp,36,30,66
2025-01-10,Frozen Shrimp,37,34,71
2025-01-11,Frozen Shrimp,39,33,72
2025-01-12,Frozen Shrimp,37,32,69
2025-01-13,Frozen Shrimp,37,32,69
2025-01-14,Frozen Shrimp,37,33,70
2025-01-15,Frozen Shrimp,35,34,69
2025-01-16,Frozen Shrimp,36,32,68
2025-01-17,Frozen Shrimp,36,33,69
2025-01-18,Frozen Shrimp,37,34,71
2025-01-19,Frozen Shrimp,35,33,68
2025-01-20,Frozen Shrimp,35,34,69
2025-01-21,Frozen Shrimp,36,35,71
2025-01-22,Frozen Shrimp,35,36,71
2025-01-23,Frozen Shrimp,38,33,71
2025-01-24,Frozen Shrimp,37,34,71
2025-01-25,Frozen Shrimp,37,34,71
2025-01-26,Frozen Shrimp,39,33,72
2025-01-27,Frozen Shrimp,36,33,69
2025-01-28,Frozen Shrimp,33,33,66
2025-01-29,Frozen Shrimp,31,35,66
2025-01-30,Frozen Shrimp,34,34,68
2025-01-31,Frozen Shrimp,34,32,66
2025-02-01,Frozen Shrimp,34,32,66
2025-02-02,Frozen Shrimp,33,33,66
2025-02-03,Frozen Shrimp,33,35,68
2025-02-04,Frozen Shrimp,35,35,70
2025-02-05,Frozen Shrimp,38,33,71
2025-02-06,Frozen Shrimp,40,37,77
2025-02-07,Frozen Shrimp,40,37,77
2025-02-08,Frozen Shrimp,40,38,78
2025-02-09,Frozen Shrimp,40,37,77
2025-02-10,Frozen Shrimp,39,37,76
2025-02-11,Frozen Shrimp,37,38,75
2025-02-12,Frozen Shrimp,35,39,74
2025-02-13,Frozen Shrimp,34,39,73
2025-02-14,Frozen Shrimp,33,39,72
2025-02-15,Frozen Shrimp,32,38,70
2025-02-16,Frozen Shrimp,33,36,69
2025-02-17,Frozen Shrimp,35,36,71
2025-02-18,Frozen Shrimp,34,37,71
2025-02-19,Frozen Shrimp,36,36,72
2025-02-20,Frozen Shrimp,34,37,71
2025-02-21,Frozen Shrimp,33,38,71
2025-02-22,Frozen Shrimp,32,36,68
2025-02-23,Frozen Shrimp,29,34,63
2025-02-24,Frozen Shrimp,29,33,62
2025-02-25,Frozen Shrimp,30,34,64
2025-02-26,Frozen Shrimp,32,33,65
2025-02-27,Frozen Shrimp,33,35,68
2025-02-28,Frozen Shrimp,31,35,66
2025-03-01,Frozen Shrimp,39,40,79
2025-03-02,Frozen Shrimp,40,37,77
2025-03-03,Frozen Shrimp,40,35,75
2025-03-04,Frozen Shrimp,39,36,75
2025-03-05,Frozen Shrimp,37,33,70
2025-03-06,Frozen Shrimp,36,36,72
2025-03-07,Frozen Shrimp,38,36,74
2025-03-08,Frozen Shrimp,40,42,82
2025-03-09,Frozen Shrimp,42,45,87
2025-03-10,Frozen Shrimp,40,43,83
2025-03-11,Frozen Shrimp,37,42,79
2025-03-12,Frozen Shrimp,37,43,80
2025-03-13,Frozen Shrimp,34,44,78
2025-03-14,Frozen Shrimp,35,41,76
2025-03-15,Frozen Shrimp,35,37,72
2025-03-16,Frozen Shrimp,35,36,71
2025-03-17,Frozen Shrimp,32,38,70
2025-03-18,Frozen Shrimp,34,38,72
2025-03-19,Frozen Shrimp,33,40,73
2025-03-20,Frozen Shrimp,32,38,70
2025-03-21,Frozen Shrimp,28,34,62
2025-03-22,Frozen Shrimp,30,36,66
2025-03-23,Frozen Shrimp,34,35,69
2025-03-24,Frozen Shrimp,37,33,70
2025-03-25,Frozen Shrimp,36,34,70
2025-03-26,Frozen Shrimp,35,36,71
2025-03-27,Frozen Shrimp,36,36,72
2025-03-28,Frozen Shrimp,34,36,70
2025-03-29,Frozen Shrimp,35,36,71
2025-03-30,Frozen Shrimp,37,36,73
2025-03-31,Frozen Shrimp,38,34,72
2025-04-01,Frozen Shrimp,35,36,71
2025-04-02,Frozen Shrimp,34,37,71
2025-04-03,Frozen Shrimp,32,38,70
2025-04-04,Frozen Shrimp,31,39,70
2025-04-05,Frozen Shrimp,31,38,69
2025-04-06,Frozen Shrimp,32,38,70
2025-04-07,Frozen Shrimp,34,35,69
2025-04-08,Frozen Shrimp,32,36,68
2025-04-09,Frozen Shrimp,35,39,74
2025-04-10,Frozen Shrimp,34,37,71
2025-04-11,Frozen Shrimp,34,37,71
2025-04-12,Frozen Shrimp,32,38,70
2025-04-13,Frozen Shrimp,29,40,69
2025-04-14,Frozen Shrimp,31,40,71
2025-04-15,Frozen Shrimp,33,38,71
2025-04-16,Frozen Shrimp,32,36,68
2025-04-17,Frozen Shrimp,32,37,69
2025-04-18,Frozen Shrimp,33,41,74
2025-04-19,Frozen Shrimp,31,41,72
2025-04-20,Frozen Shrimp,30,41,71
2025-04-21,Frozen Shrimp,32,41,73
2025-04-22,Frozen Shrimp,30,41,71
2025-04-23,Frozen Shrimp,31,39,70
2025-04-24,Frozen Shrimp,30,41,71
2025-04-25,Frozen Shrimp,31,41,72
2025-04-26,Frozen Shrimp,31,41,72
2025-04-27,Frozen Shrimp,29,39,68
2025-04-28,Frozen Shrimp,32,41,73
2025-04-29,Frozen Shrimp,31,42,73
2025-04-30,Frozen Shrimp,30,41,71
2025-05-01,Frozen Shrimp,36,35,71
2025-05-02,Frozen Shrimp,38,34,72
2025-05-03,Frozen Shrimp,36,33,69
2025-05-04,Frozen Shrimp,37,31,68
2025-05-05,Frozen Shrimp,38,29,67
2025-05-06,Frozen Shrimp,39,30,69
2025-05-07,Frozen Shrimp,39,28,67
2025-05-08,Frozen Shrimp,38,27,65
2025-05-09,Frozen Shrimp,37,25,62
2025-05-10,Frozen Shrimp,37,26,63
2025-05-11,Frozen Shrimp,36,27,63
2025-05-12,Frozen Shrimp,31,28,59
2025-05-13,Frozen Shrimp,33,27,60
2025-05-14,Frozen Shrimp,36,27,63
2025-05-15,Frozen Shrimp,32,29,61
2025-05-16,Frozen Shrimp,32,29,61
2025-05-17,Frozen Shrimp,34,30,64
2025-05-18,Frozen Shrimp,38,29,67
2025-05-19,Frozen Shrimp,38,30,68
2025-05-20,Frozen Shrimp,37,33,70
2025-05-21,Frozen Shrimp,37,34,71
2025-05-22,Frozen Shrimp,39,33,72
2025-05-23,Frozen Shrimp,38,33,71
2025-05-24,Frozen Shrimp,37,33,70
2025-05-25,Frozen Shrimp,36,33,69
2025-05-26,Frozen Shrimp,35,32,67
2025-05-27,Frozen Shrimp,36,32,68
2025-05-28,Frozen Shrimp,39,33,72
2025-05-29,Frozen Shrimp,39,31,70
2025-05-30,Frozen Shrimp,39,30,69
2025-05-31,Frozen Shrimp,38,28,66
2025-06-01,Frozen Shrimp,35,29,64
2025-06-02,Frozen Shrimp,37,28,65
2025-06-03,Frozen Shrimp,37,30,67
2025-06-04,Frozen Shrimp,37,29,66
2025-06-05,Frozen Shrimp,42,31,73
2025-06-06,Frozen Shrimp,42,32,74
2025-06-07,Frozen Shrimp,40,30,70
2025-06-08,Frozen Shrimp,39,32,71
2025-06-09,Frozen Shrimp,41,34,75
2025-06-10,Frozen Shrimp,40,32,72
2025-06-11,Frozen Shrimp,38,34,72
2025-06-12,Frozen Shrimp,39,32,71
2025-06-13,Frozen Shrimp,38,33,71
2025-06-14,Frozen Shrimp,41,31,72
2025-06-15,Frozen Shrimp,42,29,71
2025-06-16,Frozen Shrimp,40,30,70
2025-06-17,Frozen Shrimp,42,31,73
2025-06-18,Frozen Shrimp,41,31,72
2025-06-19,Frozen Shrimp,42,30,72
2025-06-20,Frozen Shrimp,42,30,72
2025-06-21,Frozen Shrimp,40,32,72
2025-06-22,Frozen Shrimp,38,32,70
2025-06-23,Frozen Shrimp,40,33,73
2025-06-24,Frozen Shrimp,39,32,71
2025-06-25,Frozen Shrimp,38,35,73
2025-06-26,Frozen Shrimp,37,33,70
2025-06-27,Frozen Shrimp,38,34,72
2025-06-28,Frozen Shrimp,41,36,77
2025-06-29,Frozen Shrimp,39,37,76
2025-06-30,Frozen Shrimp,39,36,75
2025-07-01,Frozen Shrimp,35,38,73
2025-07-02,Frozen Shrimp,34,40,74
2025-07-03,Frozen Shrimp,34,37,71
2025-07-04,Frozen Shrimp,32,36,68
2025-07-05,Frozen Shrimp,33,36,69
2025-07-06,Frozen Shrimp,32,38,70
2025-07-07,Frozen Shrimp,34,39,73
2025-07-08,Frozen Shrimp,35,37,72
2025-07-09,Frozen Shrimp,39,37,76
2025-07-10,Frozen Shrimp,38,36,74
2025-07-11,Frozen Shrimp,38,35,73
2025-07-12,Frozen Shrimp,37,37,74
2025-07-13,Frozen Shrimp,35,35,70
2025-07-14,Frozen Shrimp,35,38,73
2025-07-15,Frozen Shrimp,34,40,74
2025-07-16,Frozen Shrimp,34,41,75
2025-07-17,Frozen Shrimp,36,40,76
2025-07-18,Frozen Shrimp,33,39,72
2025-07-19,Frozen Shrimp,35,37,72
2025-07-20,Frozen Shrimp,36,36,72
2025-07-21,Frozen Shrimp,35,37,72
2025-07-22,Frozen Shrimp,31,39,70
2025-07-23,Frozen Shrimp,30,37,67
2025-07-24,Frozen Shrimp,33,37,70
2025-07-25,Frozen Shrimp,33,37,70
2025-07-26,Frozen Shrimp,31,35,66
2025-07-27,Frozen Shrimp,30,36,66
2025-07-28,Frozen Shrimp,32,36,68
2025-07-29,Frozen Shrimp,33,36,69
2025-07-30,Frozen Shrimp,32,35,67
2025-07-31,Frozen Shrimp,32,35,67
2025-08-01,Frozen Shrimp,32,31,63
2025-08-02,Frozen Shrimp,31,32,63
2025-08-03,Frozen Shrimp,34,31,65
2025-08-04,Frozen Shrimp,33,31,64
2025-08-05,Frozen Shrimp,35,32,67
2025-08-06,Frozen Shrimp,37,35,72
2025-08-07,Frozen Shrimp,38,35,73
2025-08-08,Frozen Shrimp,36,36,72
2025-08-09,Frozen Shrimp,36,34,70
2025-08-10,Frozen Shrimp,36,34,70
2025-08-11,Frozen Shrimp,34,32,66
2025-08-12,Frozen Shrimp,34,30,64
2025-08-13,Frozen Shrimp,32,30,62
2025-08-14,Frozen Shrimp,34,33,67
2025-08-15,Frozen Shrimp,33,34,67
2025-08-16,Frozen Shrimp,33,35,68
2025-08-17,Frozen Shrimp,34,32,66
2025-08-18,Frozen Shrimp,33,32,65
2025-08-19,Frozen Shrimp,34,33,67
2025-08-20,Frozen Shrimp,33,33,66
2025-08-21,Frozen Shrimp,34,31,65
2025-08-22,Frozen Shrimp,32,30,62
2025-08-23,Frozen Shrimp,32,31,63
2025-08-24,Frozen Shrimp,36,32,68
2025-08-25,Frozen Shrimp,34,29,63
2025-08-26,Frozen Shrimp,32,30,62
2025-08-27,Frozen Shrimp,33,31,64
2025-08-28,Frozen Shrimp,34,33,67
2025-08-29,Frozen Shrimp,34,34,68
2025-08-30,Frozen Shrimp,35,35,70
2025-08-31,Frozen Shrimp,35,34,69
2025-09-01,Frozen Shrimp,39,21,60
2025-09-02,Frozen Shrimp,39,21,60
2025-09-03,Frozen Shrimp,37,23,60
2025-09-04,Frozen Shrimp,38,25,63
2025-09-05,Frozen Shrimp,40,26,66
2025-09-06,Frozen Shrimp,39,26,65
2025-09-07,Frozen Shrimp,37,27,64
2025-09-08,Frozen Shrimp,38,25,63
2025-09-09,Frozen Shrimp,37,25,62
2025-09-10,Frozen Shrimp,33,27,60
2025-09-11,Frozen Shrimp,35,25,60
2025-09-12,Frozen Shrimp,34,27,61
2025-09-13,Frozen Shrimp,34,26,60
2025-09-14,Frozen Shrimp,35,28,63
2025-09-15,Frozen Shrimp,35,25,60
2025-09-16,Frozen Shrimp,36,26,62
2025-09-17,Frozen Shrimp,35,24,59
2025-09-18,Frozen Shrimp,36,22,58
2025-09-19,Frozen Shrimp,35,23,58
2025-09-20,Frozen Shrimp,37,25,62
2025-09-21,Frozen Shrimp,37,23,60
2025-09-22,Frozen Shrimp,35,21,56
2025-09-23,Frozen Shrimp,37,21,58
2025-09-24,Frozen Shrimp,36,22,58
2025-09-25,Frozen Shrimp,37,23,60
2025-09-26,Frozen Shrimp,37,25,62
2025-09-27,Frozen Shrimp,40,25,65
2025-09-28,Frozen Shrimp,38,27,65
2025-09-29,Frozen Shrimp,37,27,64
2025-09-30,Frozen Shrimp,37,26,63
2025-10-01,Frozen Shrimp,30,30,60
2025-10-02,Frozen Shrimp,31,30,61
2025-10-03,Frozen Shrimp,28,29,57
2025-10-04,Frozen Shrimp,26,31,57
2025-10-05,Frozen Shrimp,25,32,57
2025-10-06,Frozen Shrimp,28,30,58
2025-10-07,Frozen Shrimp,31,30,61
2025-10-08,Frozen Shrimp,30,32,62
2025-10-09,Frozen Shrimp,30,34,64
2025-10-10,Frozen Shrimp,30,35,65
2025-10-11,Frozen Shrimp,31,35,66
2025-10-12,Frozen Shrimp,29,34,63
2025-10-13,Frozen Shrimp,30,34,64
2025-10-14,Frozen Shrimp,31,36,67
2025-10-15,Frozen Shrimp,31,33,64
2025-10-16,Frozen Shrimp,31,32,63
2025-10-17,Frozen Shrimp,32,30,62
2025-10-18,Frozen Shrimp,27,31,58
2025-10-19,Frozen Shrimp,29,33,62
2025-10-20,Frozen Shrimp,28,32,60
2025-10-21,Frozen Shrimp,25,28,53
2025-10-22,Frozen Shrimp,27,28,55
2025-10-23,Frozen Shrimp,29,30,59
2025-10-24,Frozen Shrimp,29,31,60
2025-10-25,Frozen Shrimp,31,32,63
2025-10-26,Frozen Shrimp,33,31,64
2025-10-27,Frozen Shrimp,34,29,63
2025-10-28,Frozen Shrimp,36,30,66
2025-10-29,Frozen Shrimp,36,29,65
2025-10-30,Frozen Shrimp,34,33,67
2025-10-31,Frozen Shrimp,31,33,64
2025-11-01,Frozen Shrimp,31,34,65
2025-11-02,Frozen Shrimp,29,33,62
2025-11-03,Frozen Shrimp,33,33,66
2025-11-04,Frozen Shrimp,32,32,64
2025-11-05,Frozen Shrimp,32,34,66
2025-11-06,Frozen Shrimp,32,34,66
2025-11-07,Frozen Shrimp,32,33,65
2025-11-08,Frozen Shrimp,34,36,70
2025-11-09,Frozen Shrimp,32,35,67
2025-11-10,Frozen Shrimp,32,36,68
2025-11-11,Frozen Shrimp,31,35,66
2025-11-12,Frozen Shrimp,28,35,63
2025-11-13,Frozen Shrimp,28,35,63
2025-11-14,Frozen Shrimp,28,32,60
2025-11-15,Frozen Shrimp,28,35,63
2025-11-16,Frozen Shrimp,27,37,64
2025-11-17,Frozen Shrimp,25,35,60
2025-11-18,Frozen Shrimp,26,33,59
2025-11-19,Frozen Shrimp,25,34,59
2025-11-20,Frozen Shrimp,27,34,61
2025-11-21,Frozen Shrimp,28,34,62
2025-11-22,Frozen Shrimp,26,34,60
2025-11-23,Frozen Shrimp,26,35,61
2025-11-24,Frozen Shrimp,26,37,63
2025-11-25,Frozen Shrimp,27,37,64
2025-11-26,Frozen Shrimp,30,34,64
2025-11-27,Frozen Shrimp,27,36,63
2025-11-28,Frozen Shrimp,28,38,66
2025-11-29,Frozen Shrimp,28,42,70
2025-11-30,Frozen Shrimp,29,39,68
2025-12-01,Frozen Shrimp,35,37,72
2025-12-02,Frozen Shrimp,34,33,67
2025-12-03,Frozen Shrimp,33,33,66
2025-12-04,Frozen Shrimp,32,32,64
2025-12-05,Frozen Shrimp,35,35,70
2025-12-06,Frozen Shrimp,35,33,68
2025-12-07,Frozen Shrimp,38,30,68
2025-12-08,Frozen Shrimp,37,30,67
2025-12-09,Frozen Shrimp,36,27,63
2025-12-10,Frozen Shrimp,33,29,62
2025-12-11,Frozen Shrimp,31,27,58
2025-12-12,Frozen Shrimp,29,28,57
2025-12-13,Frozen Shrimp,31,25,56
2025-12-14,Frozen Shrimp,32,26,58
2025-12-15,Frozen Shrimp,30,30,60
2025-12-16,Frozen Shrimp,33,31,64
2025-12-17,Frozen Shrimp,32,30,62
2025-12-18,Frozen Shrimp,33,30,63
2025-12-19,Frozen Shrimp,36,31,67
2025-12-20,Frozen Shrimp,37,32,69
2025-12-21,Frozen Shrimp,36,29,65
2025-12-22,Frozen Shrimp,35,31,66
2025-12-23,Frozen Shrimp,31,27,58
2025-12-24,Frozen Shrimp,31,27,58
2025-12-25,Frozen Shrimp,31,27,58
2025-12-26,Frozen Shrimp,31,29,60
2025-12-27,Frozen Shrimp,31,30,61
2025-12-28,Frozen Shrimp,32,28,60
2025-12-29,Frozen Shrimp,32,27,59
2025-12-30,Frozen Shrimp,32,28,60
2025-12-31,Frozen Shrimp,33,29,62
2026-01-01,Frozen Shrimp,39,24,63
2026-01-02,Frozen Shrimp,37,24,61
2026-01-03,Frozen Shrimp,40,25,65
2026-01-04,Frozen Shrimp,40,25,65
2026-01-05,Frozen Shrimp,40,25,65
2026-01-06,Frozen Shrimp,41,29,70
2026-01-07,Frozen Shrimp,41,26,67
2026-01-08,Frozen Shrimp,43,23,66
2026-01-09,Frozen Shrimp,42,25,67
2026-01-10,Frozen Shrimp,41,25,66
2026-01-11,Frozen Shrimp,41,25,66
2026-01-12,Frozen Shrimp,39,24,63
2026-01-13,Frozen Shrimp,40,24,64
2026-01-14,Frozen Shrimp,40,27,67
2026-01-15,Frozen Shrimp,39,28,67
2026-01-16,Frozen Shrimp,39,30,69
2026-01-17,Frozen Shrimp,36,27,63
2026-01-18,Frozen Shrimp,36,25,61
2026-01-19,Frozen Shrimp,37,21,58
2026-01-20,Frozen Shrimp,38,21,59
2026-01-21,Frozen Shrimp,37,24,61
2026-01-22,Frozen Shrimp,39,25,64
2026-01-23,Frozen Shrimp,38,25,63
2026-01-24,Frozen Shrimp,40,25,65
2026-01-25,Frozen Shrimp,41,25,66
2026-01-26,Frozen Shrimp,40,25,65
2026-01-27,Frozen Shrimp,42,27,69
2026-01-28,Frozen Shrimp,40,24,64
2026-01-29,Frozen Shrimp,42,25,67
2026-01-30,Frozen Shrimp,43,27,70
2026-01-31,Frozen Shrimp,41,27,68
2026-02-01,Frozen Shrimp,38,37,75
2026-02-02,Frozen Shrimp,37,41,78
2026-02-03,Frozen Shrimp,37,40,77
2026-02-04,Frozen Shrimp,37,40,77
2026-02-05,Frozen Shrimp,37,38,75
2026-02-06,Frozen Shrimp,38,38,76
2026-02-07,Frozen Shrimp,38,38,76
2026-02-08,Frozen Shrimp,35,38,73
2026-02-09,Frozen Shrimp,37,36,73
2026-02-10,Frozen Shrimp,34,36,70
2026-02-11,Frozen Shrimp,36,39,75
2026-02-12,Frozen Shrimp,37,39,76
2026-02-13,Frozen Shrimp,35,40,75
2026-02-14,Frozen Shrimp,34,39,73
2026-02-15,Frozen Shrimp,33,39,72
2026-02-16,Frozen Shrimp,33,39,72
2026-02-17,Frozen Shrimp,33,37,70
2026-02-18,Frozen Shrimp,35,37,72
2026-02-19,Frozen Shrimp,37,35,72
2026-02-20,Frozen Shrimp,39,35,74
2026-02-21,Frozen Shrimp,37,35,72
2026-02-22,Frozen Shrimp,36,36,72
2026-02-23,Frozen Shrimp,33,34,67
2026-02-24,Frozen Shrimp,32,36,68
2026-02-25,Frozen Shrimp,34,37,71
2026-02-26,Frozen Shrimp,37,36,73
2026-02-27,Frozen Shrimp,35,33,68
2026-02-28,Frozen Shrimp,34,34,68
2026-03-01,Frozen Shrimp,38,29,67
2026-03-02,Frozen Shrimp,39,30,69
2026-03-03,Frozen Shrimp,37,30,67
2026-03-04,Frozen Shrimp,38,27,65
2026-03-05,Frozen Shrimp,38,27,65
2026-03-06,Frozen Shrimp,38,28,66
2026-03-07,Frozen Shrimp,39,30,69
2026-03-08,Frozen Shrimp,39,29,68
2026-03-09,Frozen Shrimp,38,32,70
2026-03-10,Frozen Shrimp,38,29,67
2026-03-11,Frozen Shrimp,38,32,70
2026-03-12,Frozen Shrimp,38,32,70
2026-03-13,Frozen Shrimp,38,33,71
2026-03-14,Frozen Shrimp,40,33,73
2026-03-15,Frozen Shrimp,41,35,76
2026-03-16,Frozen Shrimp,40,33,73
2026-03-17,Frozen Shrimp,41,31,72
2026-03-18,Frozen Shrimp,40,34,74
2026-03-19,Frozen Shrimp,42,33,75
2026-03-20,Frozen Shrimp,42,33,75
2026-03-21,Frozen Shrimp,41,35,76
2026-03-22,Frozen Shrimp,41,33,74
2026-03-23,Frozen Shrimp,38,34,72
2026-03-24,Frozen Shrimp,37,32,69
2026-03-25,Frozen Shrimp,35,32,67
2026-03-26,Frozen Shrimp,36,32,68
2026-03-27,Frozen Shrimp,40,30,70
2026-03-28,Frozen Shrimp,43,29,72
2026-03-29,Frozen Shrimp,43,32,75
2026-03-30,Frozen Shrimp,43,33,76
2026-03-31,Frozen Shrimp,39,33,72
2026-04-01,Frozen Shrimp,41,32,73
2026-04-02,Frozen Shrimp,39,31,70
2026-04-03,Frozen Shrimp,39,33,72
2026-04-04,Frozen Shrimp,39,33,72
2026-04-05,Frozen Shrimp,39,33,72
2026-04-06,Frozen Shrimp,36,34,70
2026-04-07,Frozen Shrimp,38,32,70
2026-04-08,Frozen Shrimp,37,35,72
2026-04-09,Frozen Shrimp,38,31,69
2026-04-10,Frozen Shrimp,42,34,76
2026-04-11,Frozen Shrimp,40,33,73
2026-04-12,Frozen Shrimp,36,32,68
2026-04-13,Frozen Shrimp,37,29,66
2026-04-14,Frozen Shrimp,39,28,67
2026-04-15,Frozen Shrimp,43,27,70
2026-04-16,Frozen Shrimp,41,27,68
2026-04-17,Frozen Shrimp,41,28,69
2026-04-18,Frozen Shrimp,41,30,71
2026-04-19,Frozen Shrimp,41,30,71
2026-04-20,Frozen Shrimp,45,31,76
2026-04-21,Frozen Shrimp,42,29,71
2026-04-22,Frozen Shrimp,42,28,70
2026-04-23,Frozen Shrimp,43,32,75
2026-04-24,Frozen Shrimp,44,30,74
2026-04-25,Frozen Shrimp,44,33,77
2026-04-26,Frozen Shrimp,44,32,76
2026-04-27,Frozen Shrimp,42,32,74
2026-04-28,Frozen Shrimp,43,34,77
2026-04-29,Frozen Shrimp,42,35,77
2026-04-30,Frozen Shrimp,43,34,77
2026-05-01,Frozen Shrimp,38,42,80
2026-05-02,Frozen Shrimp,38,41,79
2026-05-03,Frozen Shrimp,38,42,80
2026-05-04,Frozen Shrimp,39,43,82
2026-05-05,Frozen Shrimp,39,42,81
2026-05-06,Frozen Shrimp,36,43,79
2026-05-07,Frozen Shrimp,38,45,83
2026-05-08,Frozen Shrimp,36,44,80
2026-05-09,Frozen Shrimp,35,44,79
2026-05-10,Frozen Shrimp,35,41,76
2026-05-11,Frozen Shrimp,37,36,73
2026-05-12,Frozen Shrimp,34,38,72
2026-05-13,Frozen Shrimp,40,38,78
2026-05-14,Frozen Shrimp,41,38,79
2026-05-15,Frozen Shrimp,40,38,78
2026-05-16,Frozen Shrimp,40,39,79
2026-05-17,Frozen Shrimp,40,41,81
2026-05-18,Frozen Shrimp,40,41,81
2026-05-19,Frozen Shrimp,40,39,79
2026-05-20,Frozen Shrimp,41,41,82
2026-05-21,Frozen Shrimp,40,41,81
2026-05-22,Frozen Shrimp,39,41,80
2026-05-23,Frozen Shrimp,38,40,78
2026-05-24,Frozen Shrimp,38,39,77
2026-05-25,Frozen Shrimp,39,39,78
2026-05-26,Frozen Shrimp,40,40,80
2026-05-27,Frozen Shrimp,35,40,75
2026-05-28,Frozen Shrimp,36,40,76
2026-05-29,Frozen Shrimp,37,37,74
2026-05-30,Frozen Shrimp,37,37,74
2026-05-31,Frozen Shrimp,36,39,75
2026-06-01,Frozen Shrimp,44,32,76
2026-06-02,Frozen Shrimp,45,31,76
2026-06-03,Frozen Shrimp,44,33,77
2026-06-04,Frozen Shrimp,44,32,76
2026-06-05,Frozen Shrimp,42,30,72
2026-06-06,Frozen Shrimp,40,30,70
2026-06-07,Frozen Shrimp,40,30,70
2026-06-08,Frozen Shrimp,42,29,71
2026-06-09,Frozen Shrimp,44,30,74
2026-06-10,Frozen Shrimp,44,31,75
2026-06-11,Frozen Shrimp,45,31,76
2026-06-12,Frozen Shrimp,46,32,78
2026-06-13,Frozen Shrimp,44,35,79
2026-06-14,Frozen Shrimp,45,34,79
2026-06-15,Frozen Shrimp,46,34,80
2026-06-16,Frozen Shrimp,46,33,79
2026-06-17,Frozen Shrimp,47,32,79
2026-06-18,Frozen Shrimp,48,31,79
2026-06-19,Frozen Shrimp,47,31,78
2026-06-20,Frozen Shrimp,48,32,80
2026-06-21,Frozen Shrimp,47,36,83
2026-06-22,Frozen Shrimp,45,34,79
2026-06-23,Frozen Shrimp,44,33,77
2026-06-24,Frozen Shrimp,43,33,76
2026-06-25,Frozen Shrimp,42,34,76
2026-06-26,Frozen Shrimp,42,34,76
2026-06-27,Frozen Shrimp,41,36,77
2026-06-28,Frozen Shrimp,41,31,72
2026-06-29,Frozen Shrimp,38,28,66
2026-06-30,Frozen Shrimp,39,28,67
2026-07-01,Frozen Shrimp,31,32,63
2026-07-02,Frozen Shrimp,30,30,60
2026-07-03,Frozen Shrimp,32,26,58
2026-07-04,Frozen Shrimp,34,28,62
2026-07-05,Frozen Shrimp,31,30,61
2026-07-06,Frozen Shrimp,31,29,60
2026-07-07,Frozen Shrimp,30,28,58
2026-07-08,Frozen Shrimp,29,28,57
2026-07-09,Frozen Shrimp,32,29,61
2026-07-10,Frozen Shrimp,32,29,61
2026-07-11,Frozen Shrimp,32,31,63
2026-07-12,Frozen Shrimp,29,27,56
2026-07-13,Frozen Shrimp,31,27,58
2026-07-14,Frozen Shrimp,30,27,57
2026-07-15,Frozen Shrimp,31,28,59
2026-07-16,Frozen Shrimp,32,28,60
2026-07-17,Frozen Shrimp,34,31,65
2026-07-18,Frozen Shrimp,32,28,60
2026-07-19,Frozen Shrimp,28,29,57
2026-07-20,Frozen Shrimp,29,31,60
2026-07-21,Frozen Shrimp,33,35,68
2026-07-22,Frozen Shrimp,35,34,69
2026-07-23,Frozen Shrimp,35,34,69
2026-07-24,Frozen Shrimp,34,31,65
2026-07-25,Frozen Shrimp,36,28,64
2026-07-26,Frozen Shrimp,34,31,65
2026-07-27,Frozen Shrimp,34,31,65
2026-07-28,Frozen Shrimp,35,34,69
2026-07-29,Frozen Shrimp,37,32,69
2026-07-30,Frozen Shrimp,41,33,74
2026-07-31,Frozen Shrimp,40,36,76
2026-08-01,Frozen Shrimp,41,33,74
2026-08-02,Frozen Shrimp,40,33,73
2026-08-03,Frozen Shrimp,37,33,70
2026-08-04,Frozen Shrimp,36,30,66
2026-08-05,Frozen Shrimp,35,32,67
2026-08-06,Frozen Shrimp,35,31,66
2026-08-07,Frozen Shrimp,35,32,67
2026-08-08,Frozen Shrimp,34,29,63
2026-08-09,Frozen Shrimp,37,28,65
2026-08-10,Frozen Shrimp,37,31,68
2026-08-11,Frozen Shrimp,37,30,67
2026-08-12,Frozen Shrimp,36,33,69
2026-08-13,Frozen Shrimp,37,32,69
2026-08-14,Frozen Shrimp,38,29,67
2026-08-15,Frozen Shrimp,36,31,67
2026-08-16,Frozen Shrimp,36,30,66
2026-08-17,Frozen Shrimp,35,31,66
2026-08-18,Frozen Shrimp,34,31,65
2026-08-19,Frozen Shrimp,33,29,62
2026-08-20,Frozen Shrimp,33,29,62
2026-08-21,Frozen Shrimp,35,33,68
2026-08-22,Frozen Shrimp,36,34,70
2026-08-23,Frozen Shrimp,36,33,69
2026-08-24,Frozen Shrimp,38,34,72
2026-08-25,Frozen Shrimp,38,34,72
2026-08-26,Frozen Shrimp,38,34,72
2026-08-27,Frozen Shrimp,38,31,69
2026-08-28,Frozen Shrimp,38,32,70
2026-08-29,Frozen Shrimp,37,33,70
2026-08-30,Frozen Shrimp,33,31,64
2026-08-31,Frozen Shrimp,34,34,68
2026-09-01,Frozen Shrimp,35,31,66
2026-09-02,Frozen Shrimp,36,29,65
2026-09-03,Frozen Shrimp,37,31,68
2026-09-04,Frozen Shrimp,39,30,69
2026-09-05,Frozen Shrimp,38,31,69
2026-09-06,Frozen Shrimp,38,30,68
2026-09-07,Frozen Shrimp,36,30,66
2026-09-08,Frozen Shrimp,36,30,66
2026-09-09,Frozen Shrimp,36,31,67
2026-09-10,Frozen Shrimp,38,27,65
2026-09-11,Frozen Shrimp,37,26,63
2026-09-12,Frozen Shrimp,36,28,64
2026-09-13,Frozen Shrimp,36,28,64
2026-09-14,Frozen Shrimp,37,27,64
2026-09-15,Frozen Shrimp,34,25,59
2026-09-16,Frozen Shrimp,31,24,55
2026-09-17,Frozen Shrimp,31,22,53
2026-09-18,Frozen Shrimp,29,23,52
2026-09-19,Frozen Shrimp,30,23,53
2026-09-20,Frozen Shrimp,31,23,54
2026-09-21,Frozen Shrimp,31,24,55
2026-09-22,Frozen Shrimp,34,26,60
2026-09-23,Frozen Shrimp,35,30,65
2026-09-24,Frozen Shrimp,35,27,62
2026-09-25,Frozen Shrimp,36,29,65
2026-09-26,Frozen Shrimp,34,31,65
2026-09-27,Frozen Shrimp,36,29,65
2026-09-28,Frozen Shrimp,36,30,66
2026-09-29,Frozen Shrimp,37,29,66
2026-09-30,Frozen Shrimp,35,29,64
2026-10-01,Frozen Shrimp,29,30,59
2026-10-02,Frozen Shrimp,31,31,62
2026-10-03,Frozen Shrimp,32,31,63
2026-10-04,Frozen Shrimp,30,30,60
2026-10-05,Frozen Shrimp,29,27,56
2026-10-06,Frozen Shrimp,32,27,59
2026-10-07,Frozen Shrimp,30,29,59
2026-10-08,Frozen Shrimp,33,26,59
2026-10-09,Frozen Shrimp,31,25,56
2026-10-10,Frozen Shrimp,32,26,58
2026-10-11,Frozen Shrimp,32,25,57
2026-10-12,Frozen Shrimp,33,24,57
2026-10-13,Frozen Shrimp,32,24,56
2026-10-14,Frozen Shrimp,32,23,55
2026-10-15,Frozen Shrimp,32,22,54
2026-10-16,Frozen Shrimp,30,25,55
2026-10-17,Frozen Shrimp,32,23,55
2026-10-18,Frozen Shrimp,31,22,53
2026-10-19,Frozen Shrimp,31,22,53
2026-10-20,Frozen Shrimp,29,24,53
2026-10-21,Frozen Shrimp,26,25,51
2026-10-22,Frozen Shrimp,27,25,52
2026-10-23,Frozen Shrimp,32,25,57
2026-10-24,Frozen Shrimp,33,23,56
2026-10-25,Frozen Shrimp,33,25,58
2026-10-26,Frozen Shrimp,32,26,58
2026-10-27,Frozen Shrimp,32,26,58
2026-10-28,Frozen Shrimp,33,28,61
2026-10-29,Frozen Shrimp,31,26,57
2026-10-30,Frozen Shrimp,33,28,61
2026-10-31,Frozen Shrimp,34,28,62
2026-11-01,Frozen Shrimp,33,34,67
2026-11-02,Frozen Shrimp,33,34,67
2026-11-03,Frozen Shrimp,32,34,66
2026-11-04,Frozen Shrimp,33,36,69
2026-11-05,Frozen Shrimp,33,34,67
2026-11-06,Frozen Shrimp,32,32,64
2026-11-07,Frozen Shrimp,31,34,65
2026-11-08,Frozen Shrimp,31,33,64
2026-11-09,Frozen Shrimp,33,35,68
2026-11-10,Frozen Shrimp,30,37,67
2026-11-11,Frozen Shrimp,28,36,64
2026-11-12,Frozen Shrimp,29,37,66
2026-11-13,Frozen Shrimp,29,34,63
2026-11-14,Frozen Shrimp,30,36,66
2026-11-15,Frozen Shrimp,30,36,66
2026-11-16,Frozen Shrimp,30,36,66
2026-11-17,Frozen Shrimp,32,35,67
2026-11-18,Frozen Shrimp,29,32,61
2026-11-19,Frozen Shrimp,28,33,61
2026-11-20,Frozen Shrimp,28,30,58
2026-11-21,Frozen Shrimp,26,30,56
2026-11-22,Frozen Shrimp,26,32,58
2026-11-23,Frozen Shrimp,30,33,63
2026-11-24,Frozen Shrimp,30,36,66
2026-11-25,Frozen Shrimp,30,38,68
2026-11-26,Frozen Shrimp,28,36,64
2026-11-27,Frozen Shrimp,28,35,63
2026-11-28,Frozen Shrimp,27,35,62
2026-11-29,Frozen Shrimp,27,32,59
2026-11-30,Frozen Shrimp,30,31,61
2026-12-01,Frozen Shrimp,41,27,68
2026-12-02,Frozen Shrimp,39,24,63
2026-12-03,Frozen Shrimp,40,25,65
2026-12-04,Frozen Shrimp,40,26,66
2026-12-05,Frozen Shrimp,42,24,66
2026-12-06,Frozen Shrimp,44,26,70
2026-12-07,Frozen Shrimp,42,28,70
2026-12-08,Frozen Shrimp,40,29,69
2026-12-09,Frozen Shrimp,38,28,66
2026-12-10,Frozen Shrimp,38,30,68
2026-12-11,Frozen Shrimp,39,31,70
2026-12-12,Frozen Shrimp,41,31,72
2026-12-13,Frozen Shrimp,41,30,71
2026-12-14,Frozen Shrimp,40,30,70
2026-12-15,Frozen Shrimp,40,32,72
2026-12-16,Frozen Shrimp,39,31,70
2026-12-17,Frozen Shrimp,42,34,76
2026-12-18,Frozen Shrimp,39,32,71
2026-12-19,Frozen Shrimp,40,32,72
2026-12-20,Frozen Shrimp,43,30,73
2026-12-21,Frozen Shrimp,42,31,73
2026-12-22,Frozen Shrimp,42,28,70
2026-12-23,Frozen Shrimp,41,27,68
2026-12-24,Frozen Shrimp,40,26,66
2026-12-25,Frozen Shrimp,42,27,69
2026-12-26,Frozen Shrimp,38,29,67
2026-12-27,Frozen Shrimp,41,30,71
2026-12-28,Frozen Shrimp,39,27,66
2026-12-29,Frozen Shrimp,39,31,70
2026-12-30,Frozen Shrimp,38,31,69
2026-12-31,Frozen Shrimp,39,29,68
